form	lemma	POS	morph
		
༄༅། །		PUNCT
རྗེ་	རྗེ་	NO_POS
རང་བྱུང་	རང་བྱུང་	NOUN
ཞབས་	ཞབས་	NOUN
ཀྱིས་	གིས་	PART
མཛད་པ་	མཛད་པ་	VERB
འི་	གི་	PART
ངེས་དོན་	ངེས་དོན་	NOUN
ཕྱག་རྒྱ་	ཕྱག་རྒྱ་	NOUN
ཆེན་པོ་	ཆེན་པོ་	ADJ
འི་	གི་	PART
སྨོན་ལམ་	སྨོན་ལམ་	NOUN
གྱི་	གི་	PART
འགྲེལ་	འགྲེལ་	NOUN
ཆུང་	ཆུང་	VERB
བདུད་རྩི་	བདུད་རྩི་	NOUN
འི་	གི་	PART
བུམ་	བུམ་	NOUN
བཟང་	བཟང་	VERB
བཞུགས་	བཞུགས་	VERB
སོ་	གོ་	PART
། ། ༄༅། །		PUNCT
བཀའ་	བཀའ་	NOUN
བརྒྱུད་	བརྒྱུད་	NO_POS
བླ་མ་	བླ་མ་	NOUN
གྲུབ་ཐོབ་	གྲུབ་ཐོབ་	NOUN
རྒྱ་མཚོ་	རྒྱ་མཚོ་	NOUN
འི་	གི་	PART
ཆོགས་	ཆོགས་	NOUN
རྣམས་	རྣམས་	DET
ལ་	ལ་	PART
ཕྱག་	ཕྱག་	NOUN
འཚལ་	འཚལ་	VERB
ཞིང་	ཅིང་	PART
སྐྱབས་	སྐྱབས་	NOUN
སུ་	ལ་	PART
མཆིའོ་		NON_WORD
། །		PUNCT
བདག་	བདག་	PRON
སོགས་	སོགས་	DET
གདུལ་བྱ་	གདུལ་བྱ་	NOUN
རྣམས་	རྣམས་	DET
ཀྱི་	གི་	PART
རྒྱུད་	རྒྱུད་	NOUN
བྱིན་	བྱིན་	VERB
གྱིས་	གིས་	PART
བརླབ་པ་	བརླབ་པ་	VERB
ར་	ལ་	PART
མཛད་	མཛད་	VERB
དུ་	ལ་	PART
གསོལ་	གསོལ་	VERB
།		PUNCT
ཀུན་མཁྱེན་	ཀུན་མཁྱེན་	OTHER
རང་བྱུང་	རང་བྱུང་	NOUN
རྡོ་རྗེ་	རྡོ་རྗེ་	NOUN
འི་	གི་	PART
ཞལ་སྔ་	ཞལ་སྔ་	NOUN
ན་	ནས་	PART
བསྩལ་བ་	བསྩལ་བ་	VERB
འི་	གི་	PART
ཕྱག་	ཕྱག་	NOUN
ཆེན་	ཆེན་	NO_POS
སྨོན་ལམ་	སྨོན་ལམ་	NOUN
གྱི་	གི་	PART
བསྡུས་འགྲེལ་	བསྡུས་འགྲེལ་	OTHER
སྙིང་པོ་	སྙིང་པོ་	NOUN
ར་	ལ་	PART
དྲིལ་བ་	དྲིལ་བ་	VERB
ལ་	ལ་	ADP
ས་	གིས་	PART
དཔྱད་	དཔྱད་	VERB
གསུམ་	གསུམ་	NUM
སྨོན་ལམ་	སྨོན་ལམ་	NOUN
གདབ་པ་	གདབ་པ་	VERB
འི་	གི་	PART
སྦྱོར་བ་	སྦྱོར་བ་	VERB
།		PUNCT
སྨོན་ལམ་	སྨོན་ལམ་	NOUN
དངོ་	དངོ་	NOUN
།		PUNCT
སྨོན་ལམ་	སྨོན་ལམ་	NOUN
གྱི་	གི་	PART
འཇུག་	འཇུག་	VERB
བསྡུ་བ་	བསྡུ་བ་	VERB
འོ་	གོ་	PART
། །		PUNCT
དང་པོ་	དང་པོ་	ADJ
སྦྱོར་བ་	སྦྱོར་བ་	VERB
བསྟན་པ་	བསྟན་པ་	VERB
འམ་	གམ་	PART
དཔང་	དཔང་	NO_POS
དུ་	ལ་	PART
གསོལ་བ་	གསོལ་བ་	VERB
ནི་	ནི་	NO_POS
།		PUNCT
ན་མོ་	ན་མོ་	X
གུ་རུ་	གུ་རུ་	PROPN
།		PUNCT
བླ་མ་	བླ་མ་	NOUN
རྣམས་	རྣམས་	DET
དང་	དང་	NO_POS
ཡི་དམ་	ཡི་དམ་	NOUN
དཀྱིལ་འཁོར་	དཀྱིལ་འཁོར་	NOUN
ལྷ་	ལྷ་	NOUN
། །		PUNCT
ཕྱོགས་	ཕྱོགས་	NOUN
བཅུ་	བཅུ་	NUM
དུས་གསུམ་	དུས་གསུམ་	OTHER
རྒྱལ་བ་	རྒྱལ་བ་	NOUN
སྲ་	སྲ་	NOUN
དང་	དང་	NO_POS
བཅའ་	བཅའ་	VERB
། །		PUNCT
བདག་	བདག་	PRON
ལ་	ལ་	PART
བརྩེར་		NON_WORD
དགོངས་	དགོངས་	VERB
བདག་	བདག་	PRON
གི་	གི་	PART
སྨོན་ལམ་	སྨོན་ལམ་	NOUN
རྣམས་	རྣམས་	DET
། །		PUNCT
ཇི་བཞིན་	ཇི་བཞིན་	OTHER
འགྲུབ་པ་	འགྲུབ་པ་	VERB
འི་	གི་	PART
མཐུན་འགྱུར་	མཐུན་འགྱུར་	ADJ
བྱིན་	བྱིན་	VERB
བརླབས་	བརླབས་	NO_POS
མཛོད་	མཛོད་	NOUN
། །		PUNCT
ཅེས་པ་	ཅེས་པ་	PART
འི་	གི་	PART
དོན་	དོན་	NOUN
།		PUNCT
ན་མོ་	ན་མོ་	X
གུ་རུ་	གུ་རུ་	PROPN
ནི་	ནི་	NO_POS
རྩ་བ་	རྩ་བ་	NOUN
འི་	གི་	PART
བླ་མ་	བླ་མ་	NOUN
རྡོ་རྗེ་	རྡོ་རྗེ་	NOUN
འཆང་	འཆང་	NO_POS
ལ་	ལ་	PART
ཕྱག་	ཕྱག་	NOUN
འཚལ་བ་	འཚལ་བ་	VERB
འོ་	གོ་	PART
། །		PUNCT
བརྒྱུད་པ་	བརྒྱུད་པ་	VERB
འི་	གི་	PART
བླ་མ་	བླ་མ་	NOUN
རྣམས་	རྣམས་	DET
དང་	དང་	NO_POS
ཡི་དམ་	ཡི་དམ་	NOUN
ལྷ་ཚོགས་	ལྷ་ཚོགས་	NOUN
ཕྱོགས་	ཕྱོགས་	NOUN
བཅུ་	བཅུ་	NUM
དུས་གསུམ་	དུས་གསུམ་	OTHER
གྱི་	གི་	PART
རྒྱལ་བ་	རྒྱལ་བ་	NOUN
སྲ་	སྲ་	NOUN
དང་	དང་	NO_POS
བཅས་པ་	བཅས་པ་	VERB
ཐམས་ཅད་	ཐམས་ཅད་	DET
བདག་	བདག་	PRON
ལ་	ལ་	PART
བརྩེ་བ་	བརྩེ་བ་	VERB
ར་	ལ་	PART
དགོངས་	དགོངས་	VERB
ཏེ་	སྟེ་	PART
བདག་	བདག་	PRON
སྨོན་ལམ་	སྨོན་ལམ་	NOUN
རྣམ་པ་	རྣམ་པ་	NOUN
ར་	ལ་	PART
དག་པ་	དག་པ་	VERB
ཇི་བཞིན་	ཇི་བཞིན་	OTHER
དུ་	ལ་	PART
འགྲུབ་པ་	འགྲུབ་པ་	VERB
འི་	གི་	PART
མཐུན་འགྱུར་	མཐུན་འགྱུར་	ADJ
མཛད་	མཛད་	VERB
དུ་	ལ་	PART
གསོལ་	གསོལ་	VERB
།		PUNCT
ཞེ་	ཅེས་	PART
སོ་	གོ་	PART
། །		PUNCT
སྨོན་ལམ་	སྨོན་ལམ་	NOUN
དངོ་	དངོ་	NOUN
ལ་	ལ་	PART
སྤྱི་	སྤྱི་	DET
དང་	དང་	NO_POS
བྱེ་བྲག་	བྱེ་བྲག་	NOUN
གཉིས་	གཉིས་	NUM
ཏེ་	སྟེ་	PART
།		PUNCT
དང་པོ་	དང་པོ་	ADJ
ནི་	ནི་	NO_POS
།		PUNCT
བདག་	བདག་	PRON
དང་	དང་	NO_POS
མཐའ་	མཐའ་	NOUN
ཡ་		
སེམས་ཅན་	སེམས་ཅན་	NOUN
ཐམས་ཅད་	ཐམས་ཅད་	DET
ཀྱི་	གི་	PART
། །		PUNCT
བསམ་སྦྱོར་	བསམ་སྦྱོར་	NOUN
རྣམ་དག་	རྣམ་དག་	ADJ
གངས་རི་	གངས་རི་	NOUN
ལ་	ལ་	ADP
ས་	གིས་	PART
སྐྱེས་པ་	སྐྱེས་པ་	VERB
འི་	གི་	PART
། །		PUNCT
འཁོར་གསུམ་	འཁོར་གསུམ་	NO_POS
རྙོག་	རྙོག་	NO_POS
མེད་	མེད་	VERB
དགེ་ཚོགས་	དགེ་ཚོགས་	NOUN
ཆུ་རྒྱུན་	ཆུ་རྒྱུན་	NOUN
རྣམས་	རྣམས་	DET
། །		PUNCT
རྒྱལ་བ་	རྒྱལ་བ་	NOUN
སྐུ་བཞི་	སྐུ་བཞི་	OTHER
འི་	གི་	PART
རྒྱ་མཚོ་	རྒྱ་མཚོ་	NOUN
ར་	ལ་	PART
འཇུག་	འཇུག་	VERB
གྱུར་ཅིག་	གྱུར་ཅིག་	NO_POS
།		PUNCT
ཅེས་པ་	ཅེས་པ་	PART
སྙན་ངག་	སྙན་ངག་	NOUN
གཟུགས་ཅན་	གཟུགས་ཅན་	ADJ
གྱི་	གི་	PART
རྒྱན་	རྒྱན་	NOUN
དུ་	ལ་	PART
བཀོད་པ་	བཀོད་པ་	VERB
སྟེ་	སྟེ་	PART
།		PUNCT
བསམ་སྦྱོར་	བསམ་སྦྱོར་	NOUN
རྣམ་དག་	རྣམ་དག་	ADJ
ཅེས་པ་	ཅེས་པ་	PART
འི་	གི་	PART
བསམ་པ་	བསམ་པ་	VERB
རྣམ་པ་	རྣམ་པ་	NOUN
ར་	ལ་	PART
དག་པ་	དག་པ་	VERB
ནི་	ནི་	NO_POS
།		PUNCT
བརྣབ་སེམས་	བརྣབ་སེམས་	NOUN
།		PUNCT
གནོད་སེམས་	གནོད་སེམས་	NOUN
།		PUNCT
ལོག་ལྟ་	ལོག་ལྟ་	NOUN
ལ་སོགས་པ་	ལ་སོགས་པ་	NO_POS
འི་	གི་	PART
ཡིད་	ཡིད་	NOUN
ཀྱི་	གི་	PART
ཀུན་སློང་	ཀུན་སློང་	NO_POS
མི་དགེ་བ་	མི་དགེ་བ་	NO_POS
རྣམས་	རྣམས་	DET
མ་ཡིན་པ་	མ་ཡིན་པ་	OTHER
ར་	ལ་	PART
བྱམས་པ་	བྱམས་པ་	PROPN
དང་	དང་	NO_POS
སྙིང་རྗེ་	སྙིང་རྗེ་	NOUN
།		PUNCT
བྱང་ཆུབ་	བྱང་ཆུབ་	NOUN
ཀྱི་	གི་	PART
སེམས་	སེམས་	NOUN
སོགས་	སོགས་	DET
ཀུན་སློང་	ཀུན་སློང་	NO_POS
དགེ་བ་	དགེ་བ་	VERB
འམ་	གམ་	PART
།		PUNCT
སྦྱོར་བ་	སྦྱོར་བ་	VERB
རྣམ་པ་	རྣམ་པ་	NOUN
ར་	ལ་	PART
དག་པ་	དག་པ་	VERB
ནི་	ནི་	NO_POS
།		PUNCT
ལུས་ངག་	ལུས་ངག་	NOUN
གི་	གི་	PART
ལེགས་པ་	ལེགས་པ་	VERB
ར་	ལ་	PART
སྦྱང་བ་	སྦྱང་བ་	VERB
རྣམས་	རྣམས་	DET
ཏེ་	སྟེ་	PART
།		PUNCT
དེ་ཡང་	དེ་ཡང་	ADV
ཀུན་སློང་	ཀུན་སློང་	NO_POS
དགེ་བ་	དགེ་བ་	VERB
ས་	གིས་	PART
བསྐྱོད་པ་	བསྐྱོད་པ་	VERB
འབའ་ཞིག་	འབའ་ཞིག་	NO_POS
དགོས་	དགོས་	VERB
སོ་	གོ་	PART
། །		PUNCT
འཁོར་གསུམ་	འཁོར་གསུམ་	NO_POS
རྙོག་	རྙོག་	NO_POS
མེད་	མེད་	VERB
ནི་	ནི་	NO_POS
།		PUNCT
སྨོན་པ་	སྨོན་པ་	VERB
ར་	ལ་	PART
བྱ་བ་	བྱ་བ་	VERB
འི་	གི་	PART
ཡུལ་	ཡུལ་	NOUN
།		PUNCT
སྨོན་པ་	སྨོན་པ་	VERB
དངོ་	དངོ་	NOUN
།		PUNCT
སྨོན་ལམ་	སྨོན་ལམ་	NOUN
འདེབས་པ་པོ་	འདེབས་པ་པོ་	VERB
གསུམ་	གསུམ་	NUM
མི་	མི་	PART
དམིགས་པ་	དམིགས་པ་	VERB
དགོངས་	དགོངས་	VERB
ཏེ་	སྟེ་	PART
།		PUNCT
དམིགས་	དམིགས་	VERB
བཅའ་	བཅའ་	VERB
ནི་	ནི་	NO_POS
ཆུ་	ཆུ་	NOUN
རྙོག་པ་	རྙོག་པ་	VERB
བཞིན་	བཞིན་	NOUN
ནོ་	གོ་	PART
། །		PUNCT
འདི་	འདི་	DET
འི་	གི་	PART
འཁོར་གསུམ་	འཁོར་གསུམ་	NO_POS
དམིགས་	དམིགས་	VERB
བྲལ་	བྲལ་	VERB
གྱི་	གི་	PART
ཤེས་རབ་	ཤེས་རབ་	NOUN
དངོ་	དངོ་	NOUN
ནི་	ནི་	NO_POS
འཕགས་པ་	འཕགས་པ་	VERB
རྣམས་	རྣམས་	DET
ལ་	ལ་	ADP
ས་	གིས་	PART
གཞན་	གཞན་	DET
ལ་	ལ་	PART
མེད་	མེད་	VERB
ཅིང་	ཅིང་	PART
།		PUNCT
ལུང་	ལུང་	NOUN
དང་	དང་	NO_POS
བླ་མ་	བླ་མ་	NOUN
འི་	གི་	PART
གདམས་ངག་	གདམས་ངག་	NOUN
གིས་	གིས་	PART
རྗེས་	རྗེས་	NOUN
མཐུན་	མཐུན་	VERB
རྟོགས་པ་	རྟོགས་པ་	VERB
ནི་	ནི་	NO_POS
སོ་སྐྱེ་	སོ་སྐྱེ་	NOUN
ལ་	ལ་	ADP
འང་	ཀྱང་	PART
ཡོད་	ཡོད་	VERB
དོ་	གོ་	PART
། །		PUNCT
འདི་	འདི་	DET
ནི་	ནི་	NO_POS
བདེ་བ་	བདེ་བ་	VERB
ར་	ལ་	PART
གཤེགས་པ་	གཤེགས་པ་	VERB
འི་	གི་	PART
ལམ་	གམ་	PART
འབྲས་བུ་	འབྲས་བུ་	NOUN
དང་	དང་	NO_POS
བཅས་པ་	བཅས་པ་	VERB
འི་	གི་	PART
ཆོ་	ཆོ་	NOUN
རྣམས་	རྣམས་	DET
མདོར་བསྡུས་པ་	མདོར་བསྡུས་པ་	OTHER
འི་	གི་	PART
སྨོན་ལམ་	སྨོན་ལམ་	NOUN
སྟེ་	སྟེ་	PART
ཚིག་	ཚིག་	NOUN
རྗེས་མ་	རྗེས་མ་	NO_POS
རྣམས་	རྣམས་	DET
ཀྱང་	ཀྱང་	PART
འདི་ཉིད་	འདི་ཉིད་	OTHER
ལས་འཕྲོ་	ལས་འཕྲོ་	NOUN
ས་པ་	ས་པ་	PART
ར་	ལ་	PART
ཤེ་	ཤེ་	VERB
དགོས་	དགོས་	VERB
སོ་	གོ་	PART
། །		PUNCT
གཉིས་པ་	གཉིས་པ་	NUM
བྱེ་བྲག་	བྱེ་བྲག་	NOUN
ཕྱེ་	ཕྱེ་	VERB
སྟེ་	སྟེ་	PART
སྨོན་ལམ་	སྨོན་ལམ་	NOUN
གདབ་པ་	གདབ་པ་	VERB
ལ་	ལ་	PART
ལྔ་	ལྔ་	NUM
།		PUNCT
ལམ་	གམ་	PART
གྱི་	གི་	PART
རྟེན་	རྟེན་	NOUN
ཕུན་སུམ་	ཕུན་སུམ་	OTHER
ཚོགས་པ་	ཚོགས་པ་	VERB
ལ་	ལ་	PART
སྨོན་པ་	སྨོན་པ་	VERB
།		PUNCT
ལམ་	གམ་	PART
རྟོགས་	རྟོགས་	VERB
བྱེད་	བྱེད་	VERB
ཀྱི་	གི་	PART
ཤེས་རབ་	ཤེས་རབ་	NOUN
ལ་	ལ་	PART
སྨོན་པ་	སྨོན་པ་	VERB
།		PUNCT
འཁྲུལ་	འཁྲུལ་	NO_POS
མེད་	མེད་	VERB
ཀྱི་	གི་	PART
ལམ་	གམ་	PART
ཉིད་	ཉིད་	DET
ལ་	ལ་	PART
སྨོན་པ་	སྨོན་པ་	VERB
།		PUNCT
ལམ་	གམ་	PART
དེ་	སྟེ་	PART
ཉམས་	ཉམས་	NOUN
སུ་	ལ་	PART
ལེན་	ལེན་	VERB
ཚུལ་	ཚུལ་	NOUN
མ་འཁྲུལ་བ་	མ་འཁྲུལ་བ་	NO_POS
ལ་	ལ་	PART
སྨོན་པ་	སྨོན་པ་	VERB
།		PUNCT
དེ་	སྟེ་	PART
མཐ་	མཐའ་	NOUN
ར་	ལ་	PART
ཕྱིན་པ་	ཕྱིན་པ་	VERB
འི་	གི་	PART
འབྲས་བུ་	འབྲས་བུ་	NOUN
ལ་	ལ་	PART
སྨོན་པ་	སྨོན་པ་	VERB
འོ་	གོ་	PART
། །		PUNCT
དང་པོ་	དང་པོ་	ADJ
ལ་	ལ་	ADP
འང་	ཀྱང་	PART
ཐུན་མོང་	ཐུན་མོང་	ADJ
དང་	དང་	NO_POS
ཐུན་	ཐུན་	NOUN
མིན་	མིན་	AUX
གཉིས་	གཉིས་	NUM
།		PUNCT
དང་པོ་	དང་པོ་	ADJ
ནི་	ནི་	NO_POS
།		PUNCT
ཇི་སྲིད་	ཇི་སྲིད་	PRON
དེ་	སྟེ་	PART
མ་	མ་	PART
ཐོབ་པ་	ཐོབ་པ་	VERB
དེ་སྲིད་	དེ་སྲིད་	ADV
དུ་	ལ་	PART
། །		PUNCT
སྐྱེ་	སྐྱེ་	NOUN
དང་	དང་	NO_POS
སྐྱེ་བ་	སྐྱེ་བ་	VERB
ཚེ་རབས་	ཚེ་རབས་	NOUN
ཀུན་	ཀུན་	DET
ཏུ་	ལ་	PART
ཡང་	ཀྱང་	PART
། །		PUNCT
སྡིག་	སྡིག་	NOUN
དང་	དང་	NO_POS
སྡུག་བསྔལ་	སྡུག་བསྔལ་	NOUN
སྒྲ་	སྒྲ་	NOUN
ཡང་	ཀྱང་	PART
མི་	མི་	PART
གྲག་	གྲག་	VERB
ཤིང་	ཅིང་	PART
། །		PUNCT
བདེ་	བདེ་	VERB
དགེ་	དགེ་	NOUN
འི་	གི་	PART
རྒྱ་མཚོ་	རྒྱ་མཚོ་	NOUN
འི་	གི་	PART
དཔལ་	དཔལ་	OTHER
ལ་	ལ་	PART
སྤྱོད་པ་	སྤྱོད་པ་	VERB
ར་	ལ་	PART
ཤོག་	ཤོག་	VERB
།		PUNCT
ཅེས་པ་	ཅེས་པ་	PART
སྟེ་	སྟེ་	PART
།		PUNCT
ཚིག་རྐང་	ཚིག་རྐང་	OTHER
སྔ་མ་	སྔ་མ་	ADJ
གཉིས་	གཉིས་	NUM
ཀྱི་	གི་	PART
ནི་	ནི་	NO_POS
སྐྱེ་བ་	སྐྱེ་བ་	VERB
འདི་	འདི་	DET
ན་	ནས་	PART
བཟུང་	བཟུང་	NO_POS
སྔ་	སྔ་	NOUN
བཤད་པ་	བཤད་པ་	VERB
འི་	གི་	PART
རྒྱལ་བ་	རྒྱལ་བ་	NOUN
སྐུ་བཞི་	སྐུ་བཞི་	OTHER
འི་	གི་	PART
གོ་འཕང་	གོ་འཕང་	NOUN
ཁྱད་པར་ཅན་	ཁྱད་པར་ཅན་	ADJ
དེ་	སྟེ་	PART
མ་	མ་	PART
ཐོབ་	ཐོབ་	VERB
ཀྱི་	གི་	PART
བ་	བ་	NOUN
ཚེ་རབས་	ཚེ་རབས་	NOUN
ཐམས་ཅད་	ཐམས་ཅད་	DET
ཅེས་	ཅེས་	PART
བསྟན་	བསྟན་	VERB
ཅིང་	ཅིང་	PART
།		PUNCT
ཕྱི་མ་	ཕྱི་མ་	ADJ
གཉིས་	གཉིས་	NUM
ཀྱིས་	གིས་	PART
དེ་	དེ་	DET
ར་	ལ་	PART
རྒྱུ་	རྒྱུ་	NOUN
སྡིག་པ་	སྡིག་པ་	VERB
དང་	དང་	NO_POS
འབྲས་བུ་	འབྲས་བུ་	NOUN
སྡུག་བསྔལ་	སྡུག་བསྔལ་	NOUN
གྱི་	གི་	PART
སྒྲ་	སྒྲ་	NOUN
ཡང་	ཀྱང་	PART
མི་	མི་	PART
གྲག་པ་	གྲག་པ་	VERB
ར་	ལ་	PART
རྒྱུ་	རྒྱུ་	NOUN
དགེ་བ་	དགེ་བ་	VERB
དང་	དང་	NO_POS
འབྲས་བུ་	འབྲས་བུ་	NOUN
བདེ་བ་	བདེ་བ་	VERB
རྒྱ་མཚོ་	རྒྱ་མཚོ་	NOUN
ལྟ་བུ་	ལྟ་བུ་	NOUN
འི་	གི་	PART
དཔལ་	དཔལ་	OTHER
ལ་	ལ་	PART
སྤྱོད་པ་	སྤྱོད་པ་	VERB
ཁོ་ན་	ཁོ་ན་	DET
ར་	ལ་	PART
གྱུར་ཅིག་	གྱུར་ཅིག་	NO_POS
ཅེས་	ཅེས་	PART
བསྟན་	བསྟན་	VERB
ཏོ་	གོ་	PART
། །		PUNCT
གཉིས་པ་	གཉིས་པ་	NUM
ནི་	ནི་	NO_POS
།		PUNCT
དལ་འབྱོར་	དལ་འབྱོར་	NOUN
མཆོག་ཐོབ་	མཆོག་ཐོབ་	OTHER
དད་	དད་	VERB
བརྩོན་	བརྩོན་	VERB
ཤེས་རབ་	ཤེས་རབ་	NOUN
ལྡན་	ལྡན་	VERB
། །		PUNCT
བཤེས་གཉེན་	བཤེས་གཉེན་	NOUN
བཟང་	བཟང་	VERB
བསྟེན་	བསྟེན་	VERB
གདམས་པ་	གདམས་པ་	VERB
འི་	གི་	PART
བཅུད་	བཅུད་	NOUN
ཐོབ་	ཐོབ་	VERB
ན་	ནས་	PART
། །		PUNCT
ཚུལ་བཞིན་	ཚུལ་བཞིན་	NOUN
བསྒྲུབ་	བསྒྲུབ་	VERB
ལ་བ་	ལ་བ་	NOUN
ར་	ལ་	PART
ཆད་	ཆད་	VERB
མ་	མ་	PART
མཆིས་པ་	མཆིས་པ་	VERB
ར་	ལ་	PART
། །		PUNCT
ཚེ་རབས་	ཚེ་རབས་	NOUN
ཀུན་	ཀུན་	DET
ཏུ་	ལ་	PART
དམ་ཆོས་	དམ་ཆོས་	NOUN
སྤྱོད་པ་	སྤྱོད་པ་	VERB
ར་	ལ་	PART
ཤོག་	ཤོག་	VERB
།		PUNCT
ཅེས་པ་	ཅེས་པ་	PART
ལ་	ལ་	PART
གོང་	གོང་	NOUN
གི་	གི་	PART
ཇི་སྲིད་	ཇི་སྲིད་	PRON
དེ་	སྟེ་	PART
མ་	མ་	PART
ཐོབ་པ་	ཐོབ་པ་	VERB
དེ་སྲིད་	དེ་སྲིད་	ADV
དུ་	ལ་	PART
ཞེས་་	ཞེས་པ་	PART
དང་	དང་	NO_POS
འབྲེལ་	འབྲེལ་	VERB
ཏེ་	སྟེ་	PART
ཚེ་རབས་	ཚེ་རབས་	NOUN
ཐམས་ཅད་	ཐམས་ཅད་	DET
དུ་	ལ་	PART
དལ་འབྱོར་	དལ་འབྱོར་	NOUN
གྱི་	གི་	PART
མི་ལུས་	མི་ལུས་	NOUN
རིན་པོ་ཆེ་	རིན་པོ་ཆེ་	ADJ
ཐོབ་	ཐོབ་	VERB
ཅིང་	ཅིང་	PART
།		PUNCT
དད་པ་	དད་པ་	VERB
།		PUNCT
བརྩོན་འགྲུས་	བརྩོན་འགྲུས་	NOUN
།		PUNCT
ཤེས་རབ་	ཤེས་རབ་	NOUN
གསུམ་	གསུམ་	NUM
དང་	དང་	NO_POS
ལྡན་པ་	ལྡན་པ་	VERB
ས་	གིས་	PART
ལམ་	གམ་	PART
གྱི་	གི་	PART
རྩ་བ་	རྩ་བ་	NOUN
དགེ་བ་	དགེ་བ་	VERB
འི་	གི་	PART
བཤེས་གཉེན་	བཤེས་གཉེན་	NOUN
བཟང་པོ་	བཟང་པོ་	ADJ
བསྟེན་	བསྟེན་	VERB
ཅིང་	ཅིང་	PART
གདམས་ངག་	གདམས་ངག་	NOUN
ཟབ་མོ་	ཟབ་མོ་	ADJ
འི་	གི་	PART
བཅུད་	བཅུད་	NOUN
ཐོབ་	ཐོབ་	VERB
ན་	ནས་	PART
དེ་	དེ་	DET
འི་	གི་	PART
དོན་	དོན་	NOUN
ཚུལ་བཞིན་	ཚུལ་བཞིན་	NOUN
དུ་	ལ་	PART
སྒྲུབ་	སྒྲུབ་	VERB
ཅིང་	ཅིང་	PART
ཉམས་	ཉམས་	NOUN
སུ་	ལ་	PART
ལེན་པ་	ལེན་པ་	VERB
ལ་བ་	ལ་བ་	NOUN
ར་	ལ་	PART
ཆད་	ཆད་	VERB
མེད་	མེད་	VERB
ཅིང་	ཅིང་	PART
སྐྱེ་བ་	སྐྱེ་བ་	VERB
དང་	དང་	NO_POS
ཚེ་རབས་	ཚེ་རབས་	NOUN
ཐམས་ཅད་	ཐམས་ཅད་	DET
རྣམ་དཀར་	རྣམ་དཀར་	ADJ
དམ་པ་	དམ་པ་	VERB
འི་	གི་	PART
ལྷ་ཆོས་	ལྷ་ཆོས་	NOUN
ལ་	ལ་	PART
སྤྱོད་པ་	སྤྱོད་པ་	VERB
ར་	ལ་	PART
ཤོག་	ཤོག་	VERB
ཅེས་པ་	ཅེས་པ་	PART
འོ་	གོ་	PART
། །		PUNCT
གཉིས་པ་	གཉིས་པ་	NUM
ལམ་	གམ་	PART
རྟོགས་	རྟོགས་	VERB
བྱེད་	བྱེད་	VERB
ཀྱི་	གི་	PART
ཤེས་རབ་	ཤེས་རབ་	NOUN
ལ་	ལ་	PART
སྨོན་པ་	སྨོན་པ་	VERB
ནི་	ནི་	NO_POS
།		PUNCT
ལུང་རིགས་	ལུང་རིགས་	NOUN
ཐོས་པ་	ཐོས་པ་	VERB
ས་	གིས་	PART
མི་	མི་	PART
ཤེས་སྒྲིབ་	ཤེས་སྒྲིབ་	NO_POS
ལ་	ལ་	ADP
ས་	གིས་	PART
གྲོལ་	གྲོལ་	VERB
། །		PUNCT
མན་ངག་	མན་ངག་	NOUN
བསམ་པ་	བསམ་པ་	VERB
ས་	གིས་	PART
ཐེ་ཚོམ་	ཐེ་ཚོམ་	NOUN
མུན་ནག་	མུན་ནག་	ADJ
བཅོམ་	བཅོམ་	VERB
། །		PUNCT
སྒོམ་	སྒོམ་	VERB
བྱུང་	བྱུང་	VERB
འོད་	འོད་	NOUN
ཀྱིས་	གིས་	PART
གནས་ལུགས་	གནས་ལུགས་	VERB
ཇི་བཞིན་	ཇི་བཞིན་	OTHER
གསལ་	གསལ་	VERB
། །		PUNCT
ཤེས་རབ་	ཤེས་རབ་	NOUN
གསུམ་	གསུམ་	NUM
གྱི་	གི་	PART
སྣང་བ་	སྣང་བ་	VERB
རྒྱས་པ་	རྒྱས་པ་	VERB
ར་	ལ་	PART
ཤོག་	ཤོག་	VERB
།		PUNCT
ཅེས་པ་	ཅེས་པ་	PART
སྟེ་	སྟེ་	PART
།		PUNCT
ཚིག་རྐང་	ཚིག་རྐང་	OTHER
དང་པོ་	དང་པོ་	ADJ
ས་	གིས་	PART
ཐོས་པ་	ཐོས་པ་	VERB
འི་	གི་	PART
ཤེས་རབ་	ཤེས་རབ་	NOUN
།		PUNCT
གཉིས་པ་	གཉིས་པ་	NUM
ས་	གིས་	PART
བསམ་པ་	བསམ་པ་	VERB
འི་	གི་	PART
ཤེས་རབ་	ཤེས་རབ་	NOUN
།		PUNCT
གསུམ་པ་	གསུམ་པ་	NUM
ས་	གིས་	PART
སྒོམ་པ་	སྒོམ་པ་	VERB
འི་	གི་	PART
ཤེས་རབ་	ཤེས་རབ་	NOUN
།		PUNCT
བཞི་པ་	བཞི་པ་	ADJ
ས་	གིས་	PART
དེ་	སྟེ་	PART
གསུམ་	གསུམ་	NUM
གྱི་	གི་	PART
དོན་བསྡུས་པ་	དོན་བསྡུས་པ་	NOUN
འོ་	གོ་	PART
། །		PUNCT
གསུམ་པ་	གསུམ་པ་	NUM
འཁྲུལ་	འཁྲུལ་	NO_POS
མེད་	མེད་	VERB
ཀྱི་	གི་	PART
ལམ་	གམ་	PART
ཉིད་	ཉིད་	DET
ལ་	ལ་	PART
སྨོན་པ་	སྨོན་པ་	VERB
ནི་	ནི་	NO_POS
།		PUNCT
རྟག་ཆད་	རྟག་ཆད་	NOUN
མཐའ་བྲལ་	མཐའ་བྲལ་	NOUN
བདེན་	བདེན་	VERB
གཉིས་	གཉིས་	NUM
གཞི་	གཞི་	NOUN
ཡི་	གི་	PART
དོན་	དོན་	NOUN
། །		PUNCT
སྒྲོ་སྐུར་	སྒྲོ་སྐུར་	NOUN
མཐའ་བྲལ་	མཐའ་བྲལ་	NOUN
ཚོགས་	ཚོགས་	NOUN
གཉིས་	གཉིས་	NUM
ལམ་མཆོག་	ལམ་མཆོག་	OTHER
གིས་	གིས་	PART
། །		PUNCT
སྲིད་ཞི་	སྲིད་ཞི་	NOUN
འི་	གི་	PART
མཐའ་བྲལ་	མཐའ་བྲལ་	NOUN
དོན་	དོན་	NOUN
གཉིས་	གཉིས་	NUM
འབྲས་	འབྲས་	NOUN
ཐོབ་པ་	ཐོབ་པ་	VERB
འི་	གི་	PART
། །		PUNCT
གོལ་	གོལ་	NO_POS
འཆུག་	འཆུག་	NO_POS
མེད་པ་	མེད་པ་	VERB
འི་	གི་	PART
ཆོ་	ཆོ་	NOUN
དང་	དང་	NO_POS
ཕྲད་པ་	ཕྲད་པ་	VERB
ར་	ལ་	PART
ཤོག་	ཤོག་	VERB
།		PUNCT
ཅེས་པ་	ཅེས་པ་	PART
སྟེ་	སྟེ་	PART
།		PUNCT
དེ་	དེ་	DET
འང་	ཀྱང་	PART
ཚིག་རྐང་	ཚིག་རྐང་	OTHER
དང་པོ་	དང་པོ་	ADJ
ས་	གིས་	PART
ཤེས་བྱ་	ཤེས་བྱ་	VERB
གཞི་	གཞི་	NOUN
འི་	གི་	PART
གནས་ལུགས་	གནས་ལུགས་	VERB
མ་འཁྲུལ་བ་	མ་འཁྲུལ་བ་	NO_POS
ར་	ལ་	PART
བསྟན་	བསྟན་	VERB
།		PUNCT
གཉིས་པ་	གཉིས་པ་	NUM
ས་	གིས་	PART
སྒྲུབ་བྱེད་	སྒྲུབ་བྱེད་	NOUN
ལམ་	གམ་	PART
གྱི་	གི་	PART
ཉམས་ལེན་	ཉམས་ལེན་	NOUN
མ་འཁྲུལ་བ་	མ་འཁྲུལ་བ་	NO_POS
ར་	ལ་	PART
བསྟན་	བསྟན་	VERB
།		PUNCT
གསུམ་པ་	གསུམ་པ་	NUM
ས་	གིས་	PART
བསྒྲུབ་བྱ་	བསྒྲུབ་བྱ་	VERB
འབྲས་བུ་	འབྲས་བུ་	NOUN
འི་	གི་	PART
གནས་སྐབས་	གནས་སྐབས་	NOUN
མ་འཁྲུལ་བ་	མ་འཁྲུལ་བ་	NO_POS
ར་	ལ་	PART
བསྟན་	བསྟན་	VERB
།		PUNCT
བཞི་པ་	བཞི་པ་	ADJ
ས་	གིས་	PART
འཁྲུལ་	འཁྲུལ་	NO_POS
མེད་	མེད་	VERB
གསུམ་	གསུམ་	NUM
དང་	དང་	NO_POS
ལྡན་པ་	ལྡན་པ་	VERB
འི་	གི་	PART
ཆོ་	ཆོ་	NOUN
དེ་	སྟེ་	PART
གོལ་	གོལ་	NO_POS
འཆུག་	འཆུག་	NO_POS
མེད་པ་	མེད་པ་	VERB
འི་	གི་	PART
ལམ་	གམ་	PART
ཡང་དག་	ཡང་དག་	ADJ
ཡིན་པ་	ཡིན་པ་	AUX
ར་	ལ་	PART
གདམས་	གདམས་	NOUN
ན་	ནས་	PART
དེ་ལྟ་	དེ་ལྟ་	NO_POS
བུ་	བུ་	NOUN
ལ་	ལ་	PART
སྨོན་པ་	སྨོན་པ་	VERB
ར་	ལ་	PART
མཛད་པ་	མཛད་པ་	VERB
འོ་	གོ་	PART
། །		PUNCT
བཞི་པ་	བཞི་པ་	ADJ
ལམ་	གམ་	PART
དེ་	སྟེ་	PART
ཉམས་	ཉམས་	NOUN
སུ་	ལ་	PART
ལེན་	ལེན་	VERB
ཚུལ་	ཚུལ་	NOUN
མ་འཁྲུལ་བ་	མ་འཁྲུལ་བ་	NO_POS
ལ་	ལ་	PART
སྨོན་པ་	སྨོན་པ་	VERB
ལ་	ལ་	PART
གཉིས་	གཉིས་	NUM
།		PUNCT
གོ་དོན་	གོ་དོན་	OTHER
མདོ་	མདོ་	NOUN
ར་	ལ་	PART
བསྟན་པ་	བསྟན་པ་	VERB
དང་	དང་	NO_POS
སྒོམ་	སྒོམ་	VERB
དོན་	དོན་	NOUN
ལག་	ལག་	NOUN
ཏུ་	ལ་	PART
ལེན་པ་	ལེན་པ་	VERB
འོ་	གོ་	PART
། །		PUNCT
དང་པོ་	དང་པོ་	ADJ
ནི་	ནི་	NO_POS
།		PUNCT
སྦྱང་གཞི་	སྦྱང་གཞི་	OTHER
སེམས་ཉིད་	སེམས་ཉིད་	NOUN
གསལ་སྟོང་	གསལ་སྟོང་	NO_POS
ཟུང་འཇུག་	ཟུང་འཇུག་	NOUN
ལ་	ལ་	PART
། །		PUNCT
སྦྱོང་བྱེད་	སྦྱོང་བྱེད་	OTHER
ཕྱག་	ཕྱག་	NOUN
ཆེན་	ཆེན་	NO_POS
རྡོ་རྗེ་	རྡོ་རྗེ་	NOUN
འི་	གི་	PART
རྣལ་འབྱོར་	རྣལ་འབྱོར་	NOUN
ཆེ་	ཆེ་	VERB
། །		PUNCT
སྦྱང་བྱ་	སྦྱང་བྱ་	NO_POS
གློ་བུ་	གློ་བུ་	OTHER
འཁྲུལ་པ་	འཁྲུལ་པ་	NO_POS
འི་	གི་	PART
དྲི་མ་	དྲི་མ་	NOUN
རྣམས་	རྣམས་	DET
། །		PUNCT
སྦྱངས་འབྲས་	སྦྱངས་འབྲས་	NO_POS
དྲི་བྲལ་	དྲི་བྲལ་	NO_POS
ཆོས་སྐུ་	ཆོས་སྐུ་	NOUN
མངོན་གྱུར་	མངོན་གྱུར་	ADJ
ཤོག་	ཤོག་	VERB
།		PUNCT
ཅེས་པ་	ཅེས་པ་	PART
སྟེ་	སྟེ་	PART
།		PUNCT
ལམ་	གམ་	PART
དུས་	དུས་	NOUN
ཀྱི་	གི་	PART
ཕྱག་རྒྱ་	ཕྱག་རྒྱ་	NOUN
ཆེན་པོ་	ཆེན་པོ་	ADJ
ཉམས་	ཉམས་	NOUN
སུ་	ལ་	PART
ལེན་	ལེན་	VERB
ཚུལ་	ཚུལ་	NOUN
ལ་	ལ་	PART
།		PUNCT
གོ་བ་	གོ་བ་	VERB
ར་	ལ་	PART
བྱ་བ་	བྱ་བ་	VERB
འི་	གི་	PART
གདན་	གདན་	NOUN
དམ་པ་	དམ་པ་	VERB
གང་	གང་	NO_POS
དུ་	ལ་	PART
སྦྱང་བ་	སྦྱང་བ་	VERB
འི་	གི་	PART
གཞི་	གཞི་	NOUN
།		PUNCT
གང་	གང་	NO_POS
གིས་	གིས་	PART
སྦྱོང་བ་	སྦྱོང་བ་	VERB
འི་	གི་	PART
རྣལ་འབྱོར་	རྣལ་འབྱོར་	NOUN
།		PUNCT
གང་ཞིག་	གང་ཞིག་	NO_POS
སྦྱང་བ་	སྦྱང་བ་	VERB
འི་	གི་	PART
དྲི་མ་	དྲི་མ་	NOUN
།		PUNCT
སྦྱངས་པ་	སྦྱངས་པ་	VERB
ཐོབ་པ་	ཐོབ་པ་	VERB
འི་	གི་	PART
འབྲས་བུ་	འབྲས་བུ་	NOUN
སྟེ་	སྟེ་	PART
རྣམ་པ་	རྣམ་པ་	NOUN
བཞི་	བཞི་	NUM
ཡིན་པ་	ཡིན་པ་	AUX
ས་	གིས་	PART
དེ་དག་	དེ་དག་	OTHER
རིམ་བཞིན་	རིམ་བཞིན་	NO_POS
རྐང་པ་	རྐང་པ་	NOUN
སོ་སོ་	སོ་སོ་	PRON
ས་	གིས་	PART
བསྟན་	བསྟན་	VERB
ཅིང་	ཅིང་	PART
མཐ་	མཐའ་	NOUN
ར་	ལ་	PART
སྨོན་པ་	སྨོན་པ་	VERB
འི་	གི་	PART
ཚིག་	ཚིག་	NOUN
སྦྱར་བ་	སྦྱར་བ་	VERB
འོ་	གོ་	PART
། །		PUNCT
གཞི་	གཞི་	NOUN
ལམ་	གམ་	PART
འབྲས་	འབྲས་	NOUN
གསུམ་	གསུམ་	NUM
དུ་	ལ་	PART
དོན་	དོན་	NOUN
དྲིལ་	དྲིལ་	VERB
ཏེ་	སྟེ་	PART
བསྟན་པ་	བསྟན་པ་	VERB
ནི་	ནི་	NO_POS
།		PUNCT
རྗེ་	རྗེ་	NO_POS
བཞད་པ་	བཞད་པ་	PROPN
རྡོ་རྗེ་	རྡོ་རྗེ་	NOUN
ས་	གིས་	PART
།		PUNCT
གཞི་མ་	གཞི་མ་	OTHER
བཅོ་	བཅོ་	NUM
ས་	གིས་	PART
ཁྱབ་	ཁྱབ་	VERB
དལ་	དལ་	NOUN
ཆེན་པོ་	ཆེན་པོ་	ADJ
ཤ་	ཤ་	VERB
། །		PUNCT
ལམ་	གམ་	PART
མ་	མ་	PART
བཅོ་	བཅོ་	NUM
ས་	གིས་	PART
ཟང་ཐལ་	ཟང་ཐལ་	OTHER
ཆེན་པོ་	ཆེན་པོ་	ADJ
ཤ་	ཤ་	VERB
། །		PUNCT
འབྲས་བུ་	འབྲས་བུ་	NOUN
མ་	མ་	PART
བཅོ་	བཅོ་	NUM
ས་	གིས་	PART
ཕྱག་རྒྱ་	ཕྱག་རྒྱ་	NOUN
ཆེན་པོ་	ཆེན་པོ་	ADJ
ཤ་	ཤ་	VERB
། །		PUNCT
ཞེ་	ཅེས་	PART
གསུངས་པ་	གསུངས་པ་	VERB
ལྟ་	ལྟ་	OTHER
རོ་	རོ་	NOUN
། །		PUNCT
གཉིས་པ་	གཉིས་པ་	NUM
སྒོམ་	སྒོམ་	VERB
དོན་	དོན་	NOUN
ལག་	ལག་	NOUN
ཏུ་	ལ་	PART
ལེན་པ་	ལེན་པ་	VERB
ལ་	ལ་	PART
མདོ་	མདོ་	NOUN
ར་	ལ་	PART
བསྟན་པ་	བསྟན་པ་	VERB
དང་	དང་	NO_POS
རྒྱས་བཤད་	རྒྱས་བཤད་	NOUN
གཉིས་	གཉིས་	NUM
།		PUNCT
དང་པོ་	དང་པོ་	ADJ
ནི་	ནི་	NO_POS
།		PUNCT
གཞི་	གཞི་	NOUN
ལ་	ལ་	PART
སྒྲོ་འདོགས་	སྒྲོ་འདོགས་	NOUN
ཆོད་པ་	ཆོད་པ་	VERB
ལྟ་བ་	ལྟ་བ་	VERB
འི་	གི་	PART
གདེངས་	གདེངས་	NOUN
། །		PUNCT
དེ་	སྟེ་	PART
ལ་མ་	ལ་མ་	NO_POS
ཡེངས་	ཡེངས་	NO_POS
སྐྱོང་བ་	སྐྱོང་བ་	VERB
སྒོམ་པ་	སྒོམ་པ་	VERB
འི་	གི་	PART
གནད་	གནད་	NOUN
། །		PUNCT
སྒོམ་	སྒོམ་	VERB
དོན་	དོན་	NOUN
ཀུན་	ཀུན་	DET
ལ་	ལ་	PART
རྩལ་	རྩལ་	NOUN
སྦྱོང་	སྦྱོང་	VERB
སྤྱོད་པ་	སྤྱོད་པ་	VERB
འི་	གི་	PART
མཆོག་	མཆོག་	ADJ
།		PUNCT
ལྟ་	ལྟ་	NOUN
སྒོམ་	སྒོམ་	VERB
སྤྱོད་པ་	སྤྱོད་པ་	VERB
འི་	གི་	PART
གདེངས་	གདེངས་	NOUN
དང་	དང་	NO_POS
ལྡན་པ་	ལྡན་པ་	VERB
ར་	ལ་	PART
ཤོག་	ཤོག་	VERB
།		PUNCT
ཅེས་པ་	ཅེས་པ་	PART
གཞི་	གཞི་	NOUN
ལྟ་བ་	ལྟ་བ་	VERB
ས་	གིས་	PART
གཏན་	གཏན་	NOUN
ལ་	ལ་	PART
ཕབ་	ཕབ་	VERB
ན་	ནས་	PART
ལམ་	གམ་	PART
མ་	མ་	PART
ཡེངས་པ་	ཡེངས་པ་	VERB
ར་	ལ་	PART
སྒོམ་པ་	སྒོམ་པ་	VERB
ས་	གིས་	PART
ཚུལ་བཞིན་	ཚུལ་བཞིན་	NOUN
དུ་	ལ་	PART
ཉམས་	ཉམས་	NOUN
སུ་	ལ་	PART
ལེན་	ལེན་	VERB
ཅིང་	ཅིང་	PART
།		PUNCT
ཞི་གནས་	ཞི་གནས་	NOUN
དང་	དང་	NO_POS
ལྷག་མཐོང་	ལྷག་མཐོང་	NOUN
གི་	གི་	PART
སྒོམ་	སྒོམ་	VERB
དོན་	དོན་	NOUN
ཀུན་	ཀུན་	DET
ལ་	ལ་	PART
རྩལ་	རྩལ་	NOUN
སྦྱོང་བ་	སྦྱོང་བ་	VERB
ནི་	ནི་	NO_POS
སྤྱོད་པ་	སྤྱོད་པ་	VERB
ས་	གིས་	PART
བོགས་	བོགས་	NOUN
འདོན་པ་	འདོན་པ་	VERB
འི་	གི་	PART
མཆོག་	མཆོག་	ADJ
སྟེ་	སྟེ་	PART
དེ་	སྟེ་	PART
གསུམ་	གསུམ་	NUM
གྱི་	གི་	PART
གདེངས་	གདེངས་	NOUN
དང་	དང་	NO_POS
ལྡན་པ་	ལྡན་པ་	VERB
ར་	ལ་	PART
ཤོག་	ཤོག་	VERB
ཅེས་པ་	ཅེས་པ་	PART
འོ་	གོ་	PART
། །		PUNCT
གཉིས་པ་	གཉིས་པ་	NUM
རྒྱས་པ་	རྒྱས་པ་	VERB
ར་	ལ་	PART
བཤད་པ་	བཤད་པ་	VERB
ལ་	ལ་	PART
བཞི་	བཞི་	NUM
།		PUNCT
ལྟ་བ་	ལྟ་བ་	VERB
ས་	གིས་	PART
གཞི་	གཞི་	NOUN
ལ་	ལ་	PART
སྒྲོ་འདོགས་	སྒྲོ་འདོགས་	NOUN
གཅོད་	གཅོད་	NO_POS
ཚུལ་	ཚུལ་	NOUN
།		PUNCT
དེ་	སྟེ་	PART
སྒོམ་པ་	སྒོམ་པ་	VERB
ས་	གིས་	PART
གཏན་	གཏན་	NOUN
ལ་	ལ་	PART
འབེབས་	འབེབས་	VERB
ཚུལ་	ཚུལ་	NOUN
།		PUNCT
དེ་	སྟེ་	PART
སྤྱོད་པ་	སྤྱོད་པ་	VERB
ས་	གིས་	PART
མཐ་	མཐའ་	NOUN
ར་	ལ་	PART
དབྱུང་	དབྱུང་	NO_POS
ཚུལ་	ཚུལ་	NOUN
།		PUNCT
ལམ་	གམ་	PART
མཐ་	མཐའ་	NOUN
ར་	ལ་	PART
ཕྱིན་པ་	ཕྱིན་པ་	VERB
འི་	གི་	PART
འབྲས་བུ་	འབྲས་བུ་	NOUN
ལ་	ལ་	PART
སྨོན་པ་	སྨོན་པ་	VERB
འོ་	གོ་	PART
། །		PUNCT
དང་པོ་	དང་པོ་	ADJ
ལ་	ལ་	ADP
འང་	ཀྱང་	PART
མདོ་	མདོ་	NOUN
ར་	ལ་	PART
བསྟན་	བསྟན་	VERB
དང་	དང་	NO_POS
རྒྱས་བཤད་	རྒྱས་བཤད་	NOUN
གཉིས་	གཉིས་	NUM
།		PUNCT
དང་པོ་	དང་པོ་	ADJ
ནི་	ནི་	NO_POS
།		PUNCT
ཆོ་	ཆོ་	NOUN
རྣམས་	རྣམས་	DET
ཐམས་ཅད་	ཐམས་ཅད་	DET
སེམས་	སེམས་	NOUN
ཀྱི་	གི་	PART
རྣམ་འཕྲུལ་	རྣམ་འཕྲུལ་	NOUN
སྟེ་	སྟེ་	PART
། །		PUNCT
སེམས་	སེམས་	NOUN
ནི་	ནི་	NO_POS
སེམས་	སེམས་	NOUN
མེད་	མེད་	VERB
སེམས་	སེམས་	NOUN
ཀྱི་	གི་	PART
ངོ་བོ་	ངོ་བོ་	NOUN
ས་	གིས་	PART
སྟོང་	སྟོང་	NUM
། །		PUNCT
སྟོང་	སྟོང་	NUM
ཞིང་	ཅིང་	PART
མ་	མ་	PART
འགག་	འགག་	VERB
ས་	གིས་	PART
ཅིར་	ཅིར་	NO_POS
ཡང་	ཀྱང་	PART
སྣང་བ་	སྣང་བ་	VERB
སྟེ་	སྟེ་	PART
། །		PUNCT
ལེགས་པ་	ལེགས་པ་	VERB
ར་	ལ་	PART
བརྟག་	བརྟག་	VERB
ན་	ནས་	PART
གཞི་རྩ་	གཞི་རྩ་	NOUN
ཆོད་པ་	ཆོད་པ་	VERB
ར་	ལ་	PART
ཤོག་	ཤོག་	VERB
།		PUNCT
ཅེས་པ་	ཅེས་པ་	PART
སྟེ་	སྟེ་	PART
།		PUNCT
རྐང་པ་	རྐང་པ་	NOUN
དང་པོ་	དང་པོ་	ADJ
ས་	གིས་	PART
སྣང་བ་	སྣང་བ་	VERB
ཐམས་ཅད་	ཐམས་ཅད་	DET
སེམས་	སེམས་	NOUN
ཀྱི་	གི་	PART
རྣམ་འཕྲུལ་	རྣམ་འཕྲུལ་	NOUN
དུ་	ལ་	PART
ཐག་	ཐག་	VERB
བཅད་	བཅད་	VERB
།		PUNCT
གཉིས་པ་	གཉིས་པ་	NUM
ས་	གིས་	PART
སེམས་	སེམས་	NOUN
རང་བཞིན་	རང་བཞིན་	NOUN
མེད་པ་	མེད་པ་	VERB
ར་	ལ་	PART
གཏན་	གཏན་	NOUN
ལ་	ལ་	PART
ཕབ་	ཕབ་	VERB
།		PUNCT
གསུམ་པ་	གསུམ་པ་	NUM
ས་	གིས་	PART
སྟོང་	སྟོང་	NUM
དང་	དང་	NO_POS
རྟེན་འབྱུང་	རྟེན་འབྱུང་	OTHER
ཟུང་	ཟུང་	VERB
དུ་	ལ་	PART
འཇུག་པ་	འཇུག་པ་	VERB
མི་འགལ་བ་	མི་འགལ་བ་	NO_POS
ར་	ལ་	PART
བསྟན་	བསྟན་	VERB
།		PUNCT
བཞི་པ་	བཞི་པ་	ADJ
ས་	གིས་	PART
དེ་ལྟ་	དེ་ལྟ་	NO_POS
སོ་སོ་	སོ་སོ་	PRON
ར་	ལ་	PART
རྟོགས་པ་	རྟོགས་པ་	VERB
འི་	གི་	PART
ཤེས་རབ་	ཤེས་རབ་	NOUN
ཀྱིས་	གིས་	PART
བརྟགས་པ་	བརྟགས་པ་	VERB
ས་	གིས་	PART
གཞི་	གཞི་	NOUN
འི་	གི་	PART
དོན་	དོན་	NOUN
ལ་	ལ་	PART
སྒྲོ་འདོགས་	སྒྲོ་འདོགས་	NOUN
ཐམས་ཅད་	ཐམས་ཅད་	DET
གཅོད་	གཅོད་	NO_POS
དགོས་པ་	དགོས་པ་	VERB
ར་	ལ་	PART
སྨོན་པ་	སྨོན་པ་	VERB
འི་	གི་	PART
ཚུལ་	ཚུལ་	NOUN
གྱི་	གི་	PART
གདམས་པ་	གདམས་པ་	VERB
འོ་	གོ་	PART
། །		PUNCT
གཉིས་པ་	གཉིས་པ་	NUM
རྒྱས་བཤད་	རྒྱས་བཤད་	NOUN
ལ་	ལ་	PART
བཞི་	བཞི་	NUM
།		PUNCT
གོང་	གོང་	NOUN
གི་	གི་	PART
མདོ་	མདོ་	NOUN
ར་	ལ་	PART
བསྟན་	བསྟན་	VERB
དེ་ཉིད་	དེ་ཉིད་	NOUN
རྐང་པ་	རྐང་པ་	NOUN
དང་པོ་	དང་པོ་	ADJ
།		PUNCT
གཉིས་པ་	གཉིས་པ་	NUM
།		PUNCT
གསུམ་པ་	གསུམ་པ་	NUM
།		PUNCT
བཞི་པ་	བཞི་པ་	ADJ
རྣམས་	རྣམས་	DET
སོ་སོ་	སོ་སོ་	PRON
ར་	ལ་	PART
འཆད་པ་	འཆད་པ་	VERB
འོ་	གོ་	PART
། །		PUNCT
དང་པོ་	དང་པོ་	ADJ
སྣང་བ་	སྣང་བ་	VERB
ཐམས་ཅད་	ཐམས་ཅད་	DET
སེམས་	སེམས་	NOUN
ཀྱི་	གི་	PART
རྣམ་འཕྲུལ་	རྣམ་འཕྲུལ་	NOUN
དུ་	ལ་	PART
ཐག་	ཐག་	VERB
བཅད་པ་	བཅད་པ་	VERB
ནི་	ནི་	NO_POS
།		PUNCT
ཡོད་	ཡོད་	VERB
མ་	མ་	PART
མྱོང་བ་	མྱོང་བ་	VERB
འི་	གི་	PART
རང་སྣང་	རང་སྣང་	NO_POS
ཡུལ་	ཡུལ་	NOUN
དུ་	ལ་	PART
འཁྲུལ་	འཁྲུལ་	NO_POS
། །		PUNCT
མ་རིག་	མ་རིག་	NOUN
དབང་	དབང་	NOUN
གིས་	གིས་	PART
རང་རིག་	རང་རིག་	NO_POS
བདག་	བདག་	PRON
ཏུ་	ལ་	PART
འཁྲུལ་	འཁྲུལ་	NO_POS
། །		PUNCT
གཉིས་	གཉིས་	NUM
འཛིན་དབང་	འཛིན་དབང་	NO_POS
གིས་	གིས་	PART
སྲིད་པ་	སྲིད་པ་	VERB
འི་	གི་	PART
ཀློང་	ཀློང་	NOUN
དུ་	ལ་	PART
འཁྱམས་	འཁྱམས་	NO_POS
། །		PUNCT
མ་རིག་	མ་རིག་	NOUN
འཁྲུལ་པ་	འཁྲུལ་པ་	NO_POS
འི་	གི་	PART
རྩད་	རྩད་	NOUN
ད་	ད་	NOUN
ཆོད་པ་	ཆོད་པ་	VERB
ར་	ལ་	PART
ཤོག་	ཤོག་	VERB
།		PUNCT
ཅེས་པ་	ཅེས་པ་	PART
ས་	གིས་	PART
སྟོན་	སྟོན་	VERB
ཏེ་	སྟེ་	PART
།		PUNCT
འདི་	འདི་	DET
ར་	ལ་	PART
དངོས་བསྟན་	དངོས་བསྟན་	NO_POS
རགས་པ་	རགས་པ་	VERB
ཀུན་རྫོབ་	ཀུན་རྫོབ་	NOUN
ཀྱི་	གི་	PART
སྣང་ཚུལ་	སྣང་ཚུལ་	VERB
དང་	དང་	NO_POS
།		PUNCT
ཤུགས་བསྟན་	ཤུགས་བསྟན་	NO_POS
ཕྲ་བ་	ཕྲ་བ་	VERB
དོན་དམ་	དོན་དམ་	NOUN
གྱི་	གི་	PART
ཆོས་ཉིད་	ཆོས་ཉིད་	NOUN
དབྱེ་	དབྱེ་	VERB
ར་	ལ་	PART
མེད་རྟོགས་	མེད་རྟོགས་	NO_POS
དགོས་པ་	དགོས་པ་	VERB
འི་	གི་	PART
ཕྱི་	ཕྱི་	OTHER
རོ་	རོ་	NOUN
། །		PUNCT
གཉིས་པ་	གཉིས་པ་	NUM
སེམས་	སེམས་	NOUN
རང་བཞིན་	རང་བཞིན་	NOUN
མེད་པ་	མེད་པ་	VERB
ར་	ལ་	PART
གཏན་	གཏན་	NOUN
ལ་	ལ་	PART
འབེབས་པ་	འབེབས་པ་	VERB
ལ་	ལ་	PART
གཉིས་	གཉིས་	NUM
།		PUNCT
ཡོད་མེད་	ཡོད་མེད་	ADJ
ཀྱི་	གི་	PART
མཐའ་	མཐའ་	NOUN
སྤངས་པ་	སྤངས་པ་	VERB
དང་	དང་	NO_POS
།		PUNCT
ཡིན་	ཡིན་	NO_POS
མིན་	མིན་	AUX
གྱི་	གི་	PART
མཐའ་	མཐའ་	NOUN
སྤངས་པ་	སྤངས་པ་	VERB
འོ་	གོ་	PART
། །		PUNCT
དང་པོ་	དང་པོ་	ADJ
ནི་	ནི་	NO_POS
།		PUNCT
ཡོད་པ་	ཡོད་པ་	VERB
མ་	མ་	PART
ཡིན་	ཡིན་	NO_POS
རྒྱལ་བ་	རྒྱལ་བ་	NOUN
ས་	གིས་	PART
ཀྱང་	ཀྱང་	PART
མ་	མ་	PART
གཟིགས་	གཟིགས་	VERB
། །		PUNCT
མེད་པ་	མེད་པ་	VERB
མ་	མ་	PART
ཡིན་	ཡིན་	NO_POS
འཁོར་འདས་	འཁོར་འདས་	NOUN
ཀུན་	ཀུན་	DET
གྱི་	གི་	PART
གཞི་	གཞི་	NOUN
། །		PUNCT
འགལ་འདུ་	འགལ་འདུ་	NO_POS
མ་	མ་	PART
ཡིན་	ཡིན་	NO_POS
ཟུང་འཇུག་	ཟུང་འཇུག་	NOUN
དབུ་མ་	དབུ་མ་	PROPN
འི་	གི་	PART
ལམ་	གམ་	PART
། །		PUNCT
མཐའ་བྲལ་	མཐའ་བྲལ་	NOUN
སེམས་	སེམས་	NOUN
ཀྱི་	གི་	PART
ཆོས་ཉིད་	ཆོས་ཉིད་	NOUN
རྟོགས་པ་	རྟོགས་པ་	VERB
ར་	ལ་	PART
ཤོག་	ཤོག་	VERB
།		PUNCT
ཅེས་པ་	ཅེས་པ་	PART
སྟེ་	སྟེ་	PART
།		PUNCT
ཀུན་རྫོབ་	ཀུན་རྫོབ་	NOUN
ཀྱི་	གི་	PART
སྣང་ཚུལ་	སྣང་ཚུལ་	VERB
འདི་དག་	འདི་དག་	NO_POS
ཚུགས་	ཚུགས་	VERB
ཐུབ་	ཐུབ་	VERB
ཏུ་	ལ་	PART
གྲུབ་པ་	གྲུབ་པ་	VERB
འི་	གི་	PART
བདེན་པ་	བདེན་པ་	VERB
ར་	ལ་	PART
གྲུབ་པ་	གྲུབ་པ་	VERB
རྡུལ་	རྡུལ་	NOUN
ཙམ་	ཙམ་	DET
ཡང་	ཀྱང་	PART
མེད་	མེད་	VERB
དེ་	སྟེ་	PART
།		PUNCT
རྒྱལ་བ་	རྒྱལ་བ་	NOUN
ཐམས་ཅད་	ཐམས་ཅད་	DET
མཁྱེན་པ་	མཁྱེན་པ་	VERB
ས་	གིས་	PART
མ་	མ་	PART
གཟིགས་པ་	གཟིགས་པ་	VERB
འི་	གི་	PART
ཕྱི་	ཕྱི་	OTHER
།		PUNCT
དོན་དམ་པ་	དོན་དམ་པ་	NOUN
ར་	ལ་	PART
མེད་པ་	མེད་པ་	VERB
འང་	ཀྱང་	PART
མ་	མ་	PART
ཡིན་	ཡིན་	NO_POS
ཏེ་	སྟེ་	PART
སྟོང་	སྟོང་	NUM
དང་	དང་	NO_POS
རྟེན་འབྲེལ་	རྟེན་འབྲེལ་	NOUN
འགལ་	འགལ་	VERB
མེད་	མེད་	VERB
དུ་	ལ་	PART
འཆར་བ་	འཆར་བ་	VERB
ས་	གིས་	PART
འཁོར་འདས་	འཁོར་འདས་	NOUN
གཉིས་	གཉིས་	NUM
ཀྱི་	གི་	PART
འཕྲོ་	འཕྲོ་	NOUN
གཞི་	གཞི་	NOUN
ར་	ལ་	PART
གྱུར་པ་	གྱུར་པ་	VERB
དེ་	སྟེ་	PART
གཉིས་	གཉིས་	NUM
རྟག་	རྟག་	VERB
དངོ་	དངོ་	NOUN
གཉིས་	གཉིས་	NUM
ལྟ་བུ་	ལྟ་བུ་	NOUN
འགལ་འདུ་	འགལ་འདུ་	NO_POS
མ་	མ་	PART
ཡིན་	ཡིན་	NO_POS
ཏེ་	སྟེ་	PART
།		PUNCT
སྣང་སྟོང་	སྣང་སྟོང་	NO_POS
ཟུང་འཇུག་	ཟུང་འཇུག་	NOUN
དབུ་མ་	དབུ་མ་	PROPN
འི་	གི་	PART
ལམ་	གམ་	PART
ཡང་དག་པ་	ཡང་དག་པ་	ADJ
ཡིན་པ་	ཡིན་པ་	AUX
འི་	གི་	PART
ཕྱི་	ཕྱི་	OTHER
སྤྲོས་པ་	སྤྲོས་པ་	VERB
འི་	གི་	PART
མཐའ་	མཐའ་	NOUN
ཐམས་ཅད་	ཐམས་ཅད་	DET
དང་	དང་	NO_POS
བྲལ་བ་	བྲལ་བ་	VERB
འི་	གི་	PART
སེམས་	སེམས་	NOUN
ཀྱི་	གི་	PART
ཆོས་ཉིད་	ཆོས་ཉིད་	NOUN
མངོན་སུམ་	མངོན་སུམ་	NOUN
དུ་	ལ་	PART
རྟོགས་པ་	རྟོགས་པ་	VERB
ར་	ལ་	PART
ཤོག་	ཤོག་	VERB
ཅེས་པ་	ཅེས་པ་	PART
སྟེ་	སྟེ་	PART
།		PUNCT
རྗེ་བཙུན་	རྗེ་བཙུན་	NOUN
ཆེན་པོ་	ཆེན་པོ་	ADJ
ས་	གིས་	PART
།		PUNCT
ཡོད་པ་	ཡོད་པ་	VERB
ར་	ལ་	PART
དངོས་པོ་	དངོས་པོ་	NOUN
ར་	ལ་	PART
སྣང་བ་	སྣང་བ་	VERB
དང་	དང་	NO_POS
། །		PUNCT
མེད་པ་	མེད་པ་	VERB
སྟོང་པ་	སྟོང་པ་	VERB
འི་	གི་	PART
ཆོས་ཉིད་	ཆོས་ཉིད་	NOUN
གཉིས་	གཉིས་	NUM
། །		PUNCT
ངོ་བོ་	ངོ་བོ་	NOUN
དབྱེ་	དབྱེ་	VERB
ར་	ལ་	PART
མེད་	མེད་	VERB
རོ་	རོ་	NOUN
གཅིག་པ་	གཅིག་པ་	ADJ
ས་	གིས་	PART
། །		PUNCT
རང་རིག་	རང་རིག་	NO_POS
གཞན་རིག་	གཞན་རིག་	NO_POS
ཡོད་	ཡོད་	VERB
མིན་	མིན་	AUX
ཏེ་	སྟེ་	PART
། །		PUNCT
ཐམས་ཅད་	ཐམས་ཅད་	DET
ཟུང་འཇུག་	ཟུང་འཇུག་	NOUN
ཡངས་པ་	ཡངས་པ་	ADJ
ཡིན་	ཡིན་	NO_POS
། །		PUNCT
ཞེ་	ཅེས་	PART
གསུངས་པ་	གསུངས་པ་	VERB
ལྟ་	ལྟ་	OTHER
རོ་	རོ་	NOUN
། །		PUNCT
གཉིས་པ་	གཉིས་པ་	NUM
ནི་	ནི་	NO_POS
།		PUNCT
འདི་	འདི་	DET
ཡིན་	ཡིན་	NO_POS
ཞེས་་	ཞེས་པ་	PART
གང་	གང་	NO_POS
གིས་	གིས་	PART
མཚོན་པ་	མཚོན་པ་	VERB
མེད་	མེད་	VERB
། །		PUNCT
འདི་	འདི་	DET
མིན་	མིན་	AUX
ཞེ་	ཅེས་	PART
བྱ་	བྱ་	VERB
གང་	གང་	NO_POS
གིས་	གིས་	PART
བཀག་པ་	བཀག་པ་	VERB
མེད་	མེད་	VERB
། །		PUNCT
བློ་	བློ་	NOUN
ལ་	ལ་	ADP
ས་	གིས་	PART
འདས་པ་	འདས་པ་	VERB
འི་	གི་	PART
ཆོས་ཉིད་	ཆོས་ཉིད་	NOUN
འདུས་མ་བྱས་	འདུས་མ་བྱས་	NO_POS
། །		PUNCT
ཡང་དག་	ཡང་དག་	ADJ
དོན་	དོན་	NOUN
གྱི་	གི་	PART
མཐའ་	མཐའ་	NOUN
ནི་	ནི་	NO_POS
ངེས་པ་		
ཤོག་	ཤོག་	VERB
།		PUNCT
ཅེས་པ་	ཅེས་པ་	PART
སྟེ་	སྟེ་	PART
།		PUNCT
འདི་	འདི་	DET
ཡིན་	ཡིན་	NO_POS
ཞེ་	ཅེས་	PART
འདུས་བྱས་	འདུས་བྱས་	NOUN
དངོས་པོ་	དངོས་པོ་	NOUN
འི་	གི་	PART
ཆོ་	ཆོ་	NOUN
གང་	གང་	NO_POS
གིས་	གིས་	PART
ཀྱང་	ཀྱང་	PART
མཚོན་པ་	མཚོན་པ་	VERB
མེད་པ་	མེད་པ་	VERB
འི་	གི་	PART
ཕྱི་	ཕྱི་	OTHER
དང་	དང་	NO_POS
།		PUNCT
འདི་	འདི་	DET
མིན་	མིན་	AUX
ནོ་	གོ་	PART
ཞེ་	ཅེས་	PART
གང་	གང་	NO_POS
གིས་	གིས་	PART
ཀྱང་	ཀྱང་	PART
བཀག་པ་	བཀག་པ་	VERB
མེད་	མེད་	VERB
དེ་	སྟེ་	PART
།		PUNCT
བློ་	བློ་	NOUN
ལ་	ལ་	ADP
ས་	གིས་	PART
འདས་པ་	འདས་པ་	VERB
འི་	གི་	PART
ཆོས་ཉིད་	ཆོས་ཉིད་	NOUN
འདུས་མ་བྱས་	འདུས་མ་བྱས་	NO_POS
ཡིན་པ་	ཡིན་པ་	AUX
འི་	གི་	PART
ཕྱི་	ཕྱི་	OTHER
།		PUNCT
རྒྱལ་སྲས་	རྒྱལ་སྲས་	NOUN
ཆེན་པོ་	ཆེན་པོ་	ADJ
ཞི་བ་ལྷ་	ཞི་བ་ལྷ་	PROPN
ས་	གིས་	PART
།		PUNCT
དོན་དམ་	དོན་དམ་	NOUN
བློ་	བློ་	NOUN
ཡི་	གི་	PART
སྤྱོད་ཡུལ་	སྤྱོད་ཡུལ་	NOUN
མིན་	མིན་	AUX
། །		PUNCT
བླ་	བླ་	NOUN
ནི་	ནི་	NO_POS
ཀུན་རྫོབ་	ཀུན་རྫོབ་	NOUN
ཡིན་པ་	ཡིན་པ་	AUX
ས་	གིས་	PART
། །		PUNCT
ཞེ་	ཅེས་	PART
གསུངས་པ་	གསུངས་པ་	VERB
ལྟ་	ལྟ་	OTHER
ཡང་དག་པ་	ཡང་དག་པ་	ADJ
འི་	གི་	PART
དོན་	དོན་	NOUN
མཐ་	མཐའ་	NOUN
ར་	ལ་	PART
ཕྱིན་	ཕྱིན་	VERB
ཏེ་	སྟེ་	PART
ངེས་པ་		
ཤོག་	ཤོག་	VERB
ཅེས་པ་	ཅེས་པ་	PART
འོ་	གོ་	PART
། །		PUNCT
གསུམ་པ་	གསུམ་པ་	NUM
སྟོང་	སྟོང་	NUM
དང་	དང་	NO_POS
རྟེན་འབྱུང་	རྟེན་འབྱུང་	OTHER
ཟུང་	ཟུང་	VERB
དུ་	ལ་	PART
འཇུག་པ་	འཇུག་པ་	VERB
མི་འགལ་བ་	མི་འགལ་བ་	NO_POS
ར་	ལ་	PART
སྟོན་པ་	སྟོན་པ་	NOUN
ནི་	ནི་	NO_POS
།		PUNCT
འདི་ཉིད་	འདི་ཉིད་	OTHER
མ་	མ་	PART
རྟོགས་	རྟོགས་	VERB
འཁོར་བ་	འཁོར་བ་	NOUN
འི་	གི་	PART
རྒྱ་མཚོ་	རྒྱ་མཚོ་	NOUN
ར་	ལ་	PART
འཁོར་	འཁོར་	NOUN
། །		PUNCT
འདི་ཉིད་	འདི་ཉིད་	OTHER
རྟོགས་	རྟོགས་	VERB
ན་	ལ་	PART
སངས་རྒྱས་	སངས་རྒྱས་	NOUN
གཞན་	གཞན་	DET
ན་	ལ་	PART
མེད་	མེད་	VERB
། །		PUNCT
ཐམས་ཅད་	ཐམས་ཅད་	DET
འདི་	འདི་	DET
ཡིན་	ཡིན་	NO_POS
འདི་	འདི་	DET
མིན་	མིན་	AUX
གང་ཡང་	གང་ཡང་	NO_POS
མེད་	མེད་	VERB
། །		PUNCT
ཆོས་ཉིད་	ཆོས་ཉིད་	NOUN
ཀུན་གཞི་	ཀུན་གཞི་	NOUN
འི་	གི་	PART
མཚང་	མཚང་	NOUN
ནི་	ནི་	NO_POS
རིག་པ་	རིག་པ་	VERB
ར་	ལ་	PART
ཤོག་	ཤོག་	VERB
།		PUNCT
ཅེས་པ་	ཅེས་པ་	PART
སྟེ་	སྟེ་	PART
།		PUNCT
གོང་	གོང་	NOUN
དུ་	ལ་	PART
བཤད་པ་	བཤད་པ་	VERB
ལྟ་	ལྟ་	OTHER
གནས་ལུགས་	གནས་ལུགས་	VERB
སེམས་	སེམས་	NOUN
ཀྱི་	གི་	PART
གསང་	གསང་	VERB
འདི་ཉིད་	འདི་ཉིད་	OTHER
མ་	མ་	PART
རྟོགས་པ་	རྟོགས་པ་	VERB
ས་	གིས་	PART
འཁོར་བ་	འཁོར་བ་	NOUN
ར་	ལ་	PART
འཁོར་བ་	འཁོར་བ་	NOUN
འི་	གི་	PART
ལུགས་འབྱུང་	ལུགས་འབྱུང་	NO_POS
གི་	གི་	PART
རྟེན་འབྲེལ་	རྟེན་འབྲེལ་	NOUN
འབྱུང་	འབྱུང་	VERB
ལ་	ལ་	PART
།		PUNCT
འདི་ཉིད་	འདི་ཉིད་	OTHER
རྟོགས་	རྟོགས་	VERB
ན་	ལ་	PART
ལུགས་ལྡོག་	ལུགས་ལྡོག་	NO_POS
གི་	གི་	PART
རྟེན་འབྲེལ་	རྟེན་འབྲེལ་	NOUN
ལ་	ལ་	ADP
ས་	གིས་	PART
སངས་རྒྱས་པ་	སངས་རྒྱས་པ་	NOUN
ཡིན་	ཡིན་	NO_POS
ཞིང་	ཅིང་	PART
སངས་རྒྱས་	སངས་རྒྱས་	NOUN
དེ་	དེ་	DET
འང་	ཀྱང་	PART
གནས་ལུགས་	གནས་ལུགས་	VERB
ཀྱི་	གི་	PART
དོན་	དོན་	NOUN
འདི་	འདི་	DET
ལ་	ལ་	ADP
ས་	གིས་	PART
ལོགས་	ལོགས་	NOUN
སུ་	ལ་	PART
ཡོད་པ་	ཡོད་པ་	VERB
མ་	མ་	PART
ཡིན་	ཡིན་	NO_POS
ནོ་	གོ་	PART
། །		PUNCT
དེ་	དེ་	DET
འང་	ཀྱང་	PART
སེམས་	སེམས་	NOUN
ཀྱི་	གི་	PART
གཤིས་	གཤིས་	OTHER
སྐྱེ་བ་	སྐྱེ་བ་	VERB
མེད་པ་	མེད་པ་	VERB
ཆོས་སྐུ་	ཆོས་སྐུ་	NOUN
།		PUNCT
གདངས་	གདངས་	NOUN
འགགས་པ་	འགགས་པ་	VERB
མེད་པ་	མེད་པ་	VERB
ལོངས་སྐུ་	ལོངས་སྐུ་	NOUN
།		PUNCT
རྩལ་	རྩལ་	NOUN
སྣང་	སྣང་	VERB
སྣ་ཚོགས་	སྣ་ཚོགས་	DET
སུ་	ལ་	PART
འཆར་བ་	འཆར་བ་	VERB
སྤྲུལ་པ་	སྤྲུལ་པ་	VERB
འི་	གི་	PART
སྐུ་	སྐུ་	NOUN
སྟེ་	སྟེ་	PART
འདི་ཉིད་	འདི་ཉིད་	OTHER
མ་	མ་	PART
རྟོགས་	རྟོགས་	VERB
འཁོར་བ་	འཁོར་བ་	NOUN
སྡུག་བསྔལ་	སྡུག་བསྔལ་	NOUN
གྱི་	གི་	PART
རྒྱ་མཚོ་	རྒྱ་མཚོ་	NOUN
ར་	ལ་	PART
འཁོར་	འཁོར་	NOUN
ན་	ནས་	PART
།		PUNCT
སེམས་	སེམས་	NOUN
འདི་ཉིད་	འདི་ཉིད་	OTHER
རྟོགས་	རྟོགས་	VERB
ན་	ལ་	PART
སངས་རྒྱས་	སངས་རྒྱས་	NOUN
གཞན་	གཞན་	DET
དུ་ཡོད་པ་	དུ་ཡོད་པ་	NO_POS
མ་	མ་	PART
ཡིན་	ཡིན་	NO_POS
ཏེ་	སྟེ་	PART
།		PUNCT
བརྟག་	བརྟག་	VERB
གཉིས་	གཉིས་	NUM
ལ་	ལ་	ADP
ས་	གིས་	PART
།		PUNCT
སེམས་ཅན་	སེམས་ཅན་	NOUN
རྣམས་	རྣམས་	DET
ནི་	ནི་	NO_POS
སངས་རྒྱས་	སངས་རྒྱས་	NOUN
ཉིད་	ཉིད་	DET
། །		PUNCT
འོན་ཀྱང་	འོན་ཀྱང་	NO_POS
གློ་བུ་	གློ་བུ་	OTHER
དྲི་མ་	དྲི་མ་	NOUN
ས་	གིས་	PART
བསྒྲིབས་	བསྒྲིབས་	NO_POS
། །		PUNCT
དེ་ཉིད་	དེ་ཉིད་	NOUN
གསལ་བ་	གསལ་བ་	VERB
སངས་རྒྱས་	སངས་རྒྱས་	NOUN
ཏེ་	སྟེ་	PART
། །		PUNCT
ཞེ་	ཅེས་	PART
དང་	དང་	NO_POS
།		PUNCT
འདའ་དཀའ་	འདའ་དཀའ་	NO_POS
ཡེ་ཤེས་	ཡེ་ཤེས་	NOUN
ལ་	ལ་	ADP
ས་	གིས་	PART
།		PUNCT
སེམས་	སེམས་	NOUN
རྟོགས་	རྟོགས་	VERB
ན་	ལ་	PART
ཡེ་ཤེས་	ཡེ་ཤེས་	NOUN
ཡིན་པ་	ཡིན་པ་	AUX
ས་	གིས་	PART
སངས་རྒྱས་	སངས་རྒྱས་	NOUN
གཞན་	གཞན་	DET
དུ་	ལ་	PART
མི་	མི་	PART
བཙལ་བ་	བཙལ་བ་	VERB
འི་	གི་	PART
འདུ་ཤེས་	འདུ་ཤེས་	NOUN
རབ་ཏུ་	རབ་ཏུ་	NO_POS
བསྒོམ་པ་	བསྒོམ་པ་	VERB
ར་	ལ་	PART
བྱ་	བྱ་	VERB
འོ་	གོ་	PART
། །		PUNCT
ཞེ་	ཅེས་	PART
སོ་	གོ་	PART
། །		PUNCT
འཁོར་བ་	འཁོར་བ་	NOUN
དང་	དང་	NO_POS
མྱ་ངན་	མྱ་ངན་	NOUN
ལ་	ལ་	ADP
ས་	གིས་	PART
འདས་པ་	འདས་པ་	VERB
འི་	གི་	PART
ཆོ་	ཆོ་	NOUN
ཐམས་ཅད་	ཐམས་ཅད་	DET
སེམས་ཉིད་	སེམས་ཉིད་	NOUN
འདི་	འདི་	DET
འི་	གི་	PART
རོལ་	རོལ་	VERB
རྩལ་	རྩལ་	NOUN
ལ་	ལ་	ADP
ས་	གིས་	PART
གཞན་	གཞན་	DET
གང་ཡང་	གང་ཡང་	NO_POS
ཡོད་པ་	ཡོད་པ་	VERB
མིན་	མིན་	AUX
ལ་	ལ་	PART
།		PUNCT
ཆོས་ཉིད་	ཆོས་ཉིད་	NOUN
དག་པ་	དག་པ་	VERB
འི་	གི་	PART
ཀུན་གཞི་	ཀུན་གཞི་	NOUN
དང་	དང་	NO_POS
མ་	མ་	PART
དག་པ་	དག་པ་	VERB
འི་	གི་	PART
ཀུན་གཞི་	ཀུན་གཞི་	NOUN
གནད་	གནད་	NOUN
དང་	དང་	NO_POS
མཚང་	མཚང་	NOUN
རིག་	རིག་	VERB
ན་	ནས་	PART
གྲོལ་བ་	གྲོལ་བ་	VERB
ར་	ལ་	PART
ཤོག་	ཤོག་	VERB
ཅིག་	ཅིག་	PART
ཅེས་པ་	ཅེས་པ་	PART
འོ་	གོ་	PART
། །		PUNCT
བཞི་པ་	བཞི་པ་	ADJ
དེ་ལྟ་	དེ་ལྟ་	NO_POS
སོ་སོ་	སོ་སོ་	PRON
ར་	ལ་	PART
རྟོགས་པ་	རྟོགས་པ་	VERB
འི་	གི་	PART
ཤེས་རབ་	ཤེས་རབ་	NOUN
ཀྱིས་	གིས་	PART
བརྟགས་པ་	བརྟགས་པ་	VERB
ས་	གིས་	PART
གཞི་	གཞི་	NOUN
ལ་	ལ་	PART
སྒྲོ་འདོགས་	སྒྲོ་འདོགས་	NOUN
བཅད་	བཅད་	VERB
དགོས་པ་	དགོས་པ་	VERB
ར་	ལ་	PART
གདམས་པ་	གདམས་པ་	VERB
།		PUNCT
སྣང་	སྣང་	VERB
ཡང་	ཀྱང་	PART
སེམས་	སེམས་	NOUN
ལ་སྟོང་	ལ་སྟོང་	NO_POS
ཡང་	ཀྱང་	PART
སེམས་	སེམས་	NOUN
ཡིན་	ཡིན་	NO_POS
ཏེ་	སྟེ་	PART
། །		PUNCT
རྟོགས་	རྟོགས་	VERB
ཀྱང་	ཀྱང་	PART
སེམས་	སེམས་	NOUN
ལ་	ལ་	PART
འཁྲུལ་	འཁྲུལ་	NO_POS
ཡང་	ཀྱང་	PART
རང་	རང་	PRON
གི་	གི་	PART
སེམས་	སེམས་	NOUN
། །		PUNCT
སྐྱེ་	སྐྱེ་	VERB
ཀྱང་	ཀྱང་	PART
སེམས་	སེམས་	NOUN
ལ་	ལ་	PART
འགག་	འགག་	VERB
ས་	གིས་	PART
ཀྱང་	ཀྱང་	PART
སེམས་	སེམས་	NOUN
ཡིན་པ་	ཡིན་པ་	AUX
ས་	གིས་	PART
། །		PUNCT
སྒྲོ་འདོགས་	སྒྲོ་འདོགས་	NOUN
ཐམས་ཅད་	ཐམས་ཅད་	DET
སེམས་	སེམས་	NOUN
ལ་	ལ་	PART
ཆོད་པ་	ཆོད་པ་	VERB
ར་	ལ་	PART
ཤོག་	ཤོག་	VERB
།		PUNCT
རྣམ་ཤེས་	རྣམ་ཤེས་	NOUN
ཚོགས་	ཚོགས་	NOUN
དྲུག་	དྲུག་	NUM
གི་	གི་	PART
ཡུལ་	ཡུལ་	NOUN
དུ་	ལ་	PART
སྣང་	སྣང་	VERB
ཡང་	ཀྱང་	PART
སེམས་	སེམས་	NOUN
ཡིན་	ཡིན་	NO_POS
ལ་མ་	ལ་མ་	NO_POS
རྟོགས་	རྟོགས་	VERB
འཁྲུལ་	འཁྲུལ་	NO_POS
ན་	ན་	ADP
འང་	ཀྱང་	PART
རང་	རང་	PRON
གི་	གི་	PART
སེམས་	སེམས་	NOUN
སྣང་	སྣང་	VERB
ལ་	ལ་	ADP
ས་	གིས་	PART
གཞན་	གཞན་	DET
དུ་	ལ་	PART
མེད་	མེད་	VERB
ཅིང་	ཅིང་	PART
།		PUNCT
རྣམ་རྟོག་	རྣམ་རྟོག་	NOUN
འཁྲུལ་པ་	འཁྲུལ་པ་	NO_POS
སྣ་ཚོགས་	སྣ་ཚོགས་	DET
སྐྱེ་	སྐྱེ་	NOUN
།		PUNCT
སེམས་	སེམས་	NOUN
ལ་	ལ་	PART
དེ་དག་	དེ་དག་	OTHER
འགག་	འགག་	VERB
ས་	གིས་	PART
ཀྱང་	ཀྱང་	PART
སེམས་ཉིད་	སེམས་ཉིད་	NOUN
གཅིག་པུ་	གཅིག་པུ་	ADJ
ཡིན་པ་	ཡིན་པ་	AUX
ས་	གིས་	PART
ལྟ་བ་	ལྟ་བ་	VERB
ས་	གིས་	PART
གཏན་	གཏན་	NOUN
ལ་	ལ་	PART
འབེབས་པ་	འབེབས་པ་	VERB
འི་	གི་	PART
སྒྲོ་འདོགས་	སྒྲོ་འདོགས་	NOUN
ཐམས་ཅད་	ཐམས་ཅད་	DET
སེམས་	སེམས་	NOUN
ལ་	ལ་	PART
ཆོད་པ་	ཆོད་པ་	VERB
ར་	ལ་	PART
ཤོག་	ཤོག་	VERB
།		PUNCT
ཅེས་པ་	ཅེས་པ་	PART
སྟེ་	སྟེ་	PART
།		PUNCT
རྗེ་བཙུན་	རྗེ་བཙུན་	NOUN
བཞད་པ་	བཞད་པ་	PROPN
རྡོ་རྗེ་	རྡོ་རྗེ་	NOUN
ས་	གིས་	PART
།		PUNCT
ཕྱི་སྣང་བ་	ཕྱི་སྣང་བ་	NO_POS
ཇི་ལྟ་		
སྣང་	སྣང་	VERB
ལགས་	ལགས་	AUX
ཀྱང་	ཀྱང་	PART
།		PUNCT
མ་	མ་	PART
རྟོགས་	རྟོགས་	VERB
དུས་	དུས་	NOUN
ན་	ལ་	PART
འཁྲུལ་སྣང་	འཁྲུལ་སྣང་	OTHER
སྟེ་	སྟེ་	PART
། །		PUNCT
ཡུལ་	ཡུལ་	NOUN
གྱི་	གི་	PART
ཞེན་པ་	ཞེན་པ་	VERB
ས་	གིས་	PART
འཆིང་བ་	འཆིང་བ་	VERB
ར་	ལ་	PART
ཟད་	ཟད་	VERB
། །		PUNCT
རྟོགས་པ་	རྟོགས་པ་	VERB
རྣམས་	རྣམས་	DET
ལ་	ལ་	PART
སྒྱུ་མ་	སྒྱུ་མ་	NOUN
ར་	ལ་	PART
སྣང་	སྣང་	VERB
། །		PUNCT
ཡུལ་	ཡུལ་	NOUN
སྣང་	སྣང་	VERB
སེམས་	སེམས་	NOUN
ཀྱི་	གི་	PART
གྲོག་	གྲོག་	NOUN
སུ་	ལ་	PART
འཆར་	འཆར་	NO_POS
། །		PUNCT
མཐར་ཐུག་	མཐར་ཐུག་	NOUN
དོན་	དོན་	NOUN
ལ་	ལ་	PART
སྣང་	སྣང་	VERB
མ་	མ་	PART
མྱོང་	མྱོང་	VERB
། །		PUNCT
སྐྱེ་	སྐྱེ་	NOUN
མེད་	མེད་	VERB
ཆོས་སྐུ་	ཆོས་སྐུ་	NOUN
ར་	ལ་	PART
དག་	དག་	DET
གོ་	གོ་	PART
གསུངས་	གསུངས་	VERB
།		PUNCT
ཞེ་	ཅེས་	PART
སོ་	གོ་	PART
། །		PUNCT
གཉིས་པ་	གཉིས་པ་	NUM
སྒོམ་པ་	སྒོམ་པ་	VERB
ས་	གིས་	PART
གཏན་	གཏན་	NOUN
ལ་	ལ་	PART
འབེབས་	འབེབས་	VERB
ཚུལ་	ཚུལ་	NOUN
ལ་	ལ་	PART
གཉིས་	གཉིས་	NUM
།		PUNCT
མདོ་	མདོ་	NOUN
ར་	ལ་	PART
བསྟན་པ་	བསྟན་པ་	VERB
དང་	དང་	NO_POS
།		PUNCT
རྒྱས་བཤད་	རྒྱས་བཤད་	NOUN
གཉིས་	གཉིས་	NUM
།		PUNCT
དང་པོ་	དང་པོ་	ADJ
།		PUNCT
བློ་	བློ་	NOUN
ས་	གིས་	PART
བྱ་	བྱ་	VERB
རྩོལ་བ་	རྩོལ་བ་	VERB
འི་	གི་	PART
སྒོམ་	སྒོམ་	VERB
གྱིས་	གིས་	PART
མ་	མ་	PART
བསླད་	བསླད་	NO_POS
ཅིང་	ཅིང་	PART
། །		PUNCT
ཐ་མལ་	ཐ་མལ་	ADJ
འདུ་འཛི་	འདུ་འཛི་	NOUN
འི་	གི་	PART
རླུང་	རླུང་	NOUN
གིས་	གིས་	PART
མ་	མ་	PART
བསྐྱོད་པ་	བསྐྱོད་པ་	VERB
ར་	ལ་	PART
། །		PUNCT
མ་	མ་	PART
བཅོ་	བཅོ་	NUM
ས་	གིས་	PART
གཉུག་	གཉུག་	NO_POS
མ་	མ་	PART
རང་བབ་	རང་བབ་	NO_POS
འཇོག་	འཇོག་	VERB
ཤེས་པ་	ཤེས་པ་	VERB
འི་	གི་	PART
། །		PUNCT
སེམས་	སེམས་	NOUN
དོན་	དོན་	NOUN
ཉམས་ལེན་	ཉམས་ལེན་	NOUN
མཁའ་	མཁའ་	VERB
ཤིང་	ཅིང་	PART
སྐྱོང་བ་	སྐྱོང་བ་	VERB
ར་	ལ་	PART
ཤོག་	ཤོག་	VERB
།		PUNCT
ཅེས་པ་	ཅེས་པ་	PART
སྟེ་	སྟེ་	PART
།		PUNCT
རྣམ་པ་	རྣམ་པ་	NOUN
ར་	ལ་	PART
རྟོག་པ་	རྟོག་པ་	VERB
འི་	གི་	PART
བློ་	བློ་	NOUN
ས་	གིས་	PART
བྱས་པ་	བྱས་པ་	VERB
འི་	གི་	PART
སྒོམ་	སྒོམ་	VERB
གྱི་	གི་	PART
སེམས་ཉིད་	སེམས་ཉིད་	NOUN
ཆོ་	ཆོ་	NOUN
ཀྱི་	གི་	PART
སྐུ་	སྐུ་	NOUN
མ་	མ་	PART
བསླད་	བསླད་	NO_POS
ཅིང་	ཅིང་	PART
སེམས་	སེམས་	NOUN
ཐ་མལ་	ཐ་མལ་	ADJ
གྱི་	གི་	PART
ཟང་ཟིང་	ཟང་ཟིང་	NOUN
འཁྲུལ་བ་	འཁྲུལ་བ་	VERB
འི་	གི་	PART
འདུ་འཛི་	འདུ་འཛི་	NOUN
འི་	གི་	PART
རྣམ་རྟོག་	རྣམ་རྟོག་	NOUN
རླུང་	རླུང་	NOUN
གིས་	གིས་	PART
མི་བསྐྱོད་པ་	མི་བསྐྱོད་པ་	NO_POS
ར་	ལ་	PART
།		PUNCT
གནས་	གནས་	NOUN
དབེན་པ་	དབེན་པ་	VERB
ར་	ལ་	PART
སེམས་ཉིད་	སེམས་ཉིད་	NOUN
མ་	མ་	PART
བཅོ་	བཅོ་	NUM
ས་	གིས་	PART
གཉུག་	གཉུག་	NO_POS
མ་	མ་	PART
རང་བབ་	རང་བབ་	NO_POS
ཏུ་	ལ་	PART
འཇོག་	འཇོག་	VERB
ཤེས་པ་	ཤེས་པ་	VERB
ནི་	ནི་	NO_POS
ཕ་	ཕ་	NOUN
དམ་པ་	དམ་པ་	VERB
ས་	གིས་	PART
།		PUNCT
སེམས་མ་	སེམས་མ་	NO_POS
བཅོ་	བཅོ་	NUM
ས་	གིས་	PART
ན་	ལ་	PART
བདེ་	བདེ་	VERB
། །		PUNCT
ཆུ་མ་	ཆུ་མ་	NOUN
རྙོགས་	རྙོགས་	NO_POS
ན་	ལ་	PART
དྭངས་	དྭངས་	NO_POS
། །		PUNCT
ཅེས་	ཅེས་	PART
གསུངས་པ་	གསུངས་པ་	VERB
ལྟ་	ལྟ་	OTHER
སེམས་	སེམས་	NOUN
དོན་	དོན་	NOUN
ཉམས་ལེན་	ཉམས་ལེན་	NOUN
མཁའ་	མཁའ་	VERB
ཤིང་	ཅིང་	PART
སྐྱོང་བ་	སྐྱོང་བ་	VERB
ལ་	ལ་	PART
ལེ་ལོ་	ལེ་ལོ་	NOUN
མེད་པ་	མེད་པ་	VERB
འི་	གི་	PART
བརྩོན་འགྲུས་	བརྩོན་འགྲུས་	NOUN
ཆུ་བོ་	ཆུ་བོ་	NOUN
འི་	གི་	PART
རྒྱུན་ལྟར་	རྒྱུན་ལྟར་	NO_POS
དུ་	ལ་	PART
ཤོག་	ཤོག་	VERB
ཅེས་པ་	ཅེས་པ་	PART
འོ་	གོ་	PART
། །		PUNCT
ཇི་	ཇི་	NO_POS
སྐུད་	སྐུད་	NO_POS
དུའང་		NON_WORD
།		PUNCT
བློ་ངན་	བློ་ངན་	NOUN
གོམས་	གོམས་	VERB
བག་ཆགས་	བག་ཆགས་	NOUN
ཤོག་དྲིལ་	ཤོག་དྲིལ་	NOUN
འདྲ་	འདྲ་	VERB
། །		PUNCT
སྒོམ་	སྒོམ་	VERB
ཡུན་ཐུང་	ཡུན་ཐུང་	NO_POS
གིས་	གིས་	PART
རྣམ་རྟོག་	རྣམ་རྟོག་	NOUN
མི་	མི་	PART
ཁེགས་	ཁེགས་	NO_POS
ཀྱིས་	གིས་	PART
། །		PUNCT
སྒོམ་	སྒོམ་	VERB
ཡུན་	ཡུན་	NOUN
བསྲིངས་	བསྲིངས་	NO_POS
དང་	དང་	NO_POS
རྟོགས་ལྡན་	རྟོགས་ལྡན་	OTHER
རྣམས་	རྣམས་	DET
། །		PUNCT
ཞེ་	ཅེས་	PART
གསུངས་པ་	གསུངས་པ་	VERB
ལྟ་	ལྟ་	OTHER
རོ་	རོ་	NOUN
། །		PUNCT
གཉིས་པ་	གཉིས་པ་	NUM
རྒྱས་པ་	རྒྱས་པ་	VERB
ར་	ལ་	PART
བཤད་པ་	བཤད་པ་	VERB
ལ་	ལ་	PART
གསུམ་	གསུམ་	NUM
།		PUNCT
ཞི་ལྷག་	ཞི་ལྷག་	NO_POS
གི་	གི་	PART
རྣལ་འབྱོར་	རྣལ་འབྱོར་	NOUN
།		PUNCT
དེ་ལས་	དེ་ལས་	NO_POS
ཉམས་རྟོགས་	ཉམས་རྟོགས་	NOUN
སྐྱེ་	སྐྱེ་	NOUN
ཚུལ་	ཚུལ་	NOUN
།		PUNCT
སྟོང་ཉིད་	སྟོང་ཉིད་	NOUN
སྙིང་རྗེ་	སྙིང་རྗེ་	NOUN
ཟུང་འཇུག་	ཟུང་འཇུག་	NOUN
གི་	གི་	PART
ཉམས་ལེན་	ཉམས་ལེན་	NOUN
ནོ་	གོ་	PART
། །		PUNCT
དང་པོ་	དང་པོ་	ADJ
ལ་	ལ་	ADP
འང་	ཀྱང་	PART
གསུམ་	གསུམ་	NUM
།		PUNCT
ཞི་གནས་	ཞི་གནས་	NOUN
།		PUNCT
ལྷག་མཐོང་	ལྷག་མཐོང་	NOUN
།		PUNCT
ཞི་ལྷག་	ཞི་ལྷག་	NO_POS
ཟུང་འཇུག་	ཟུང་འཇུག་	NOUN
གི་	གི་	PART
རྣལ་འབྱོར་	རྣལ་འབྱོར་	NOUN
དེ་	དེ་	DET
འི་	གི་	PART
མཚན་	མཚན་	NOUN
གྱི་	གི་	PART
རྣམ་	རྣམ་	NOUN
གྲངས་	གྲངས་	NOUN
སོ་	གོ་	PART
། །		PUNCT
དང་པོ་	དང་པོ་	ADJ
ནི་	ནི་	NO_POS
།		PUNCT
ཕྲ་རགས་	ཕྲ་རགས་	NOUN
རྟོགས་པ་	རྟོགས་པ་	VERB
འི་	གི་	PART
དབའ་རླབས་	དབའ་རླབས་	NOUN
རང་ས་	རང་ས་	OTHER
ར་	ལ་	PART
ཞི་	ཞི་	VERB
། །		PUNCT
གཡོ་མེད་	གཡོ་མེད་	ADJ
སེམས་	སེམས་	NOUN
ཀྱི་	གི་	PART
ཆུ་བོ་	ཆུ་བོ་	NOUN
ངང་	ངང་	NOUN
གིས་	གིས་	PART
གནས་	གནས་	NOUN
། །		PUNCT
བྱིང་རྨུགས་	བྱིང་རྨུགས་	NOUN
རྙོག་པ་	རྙོག་པ་	VERB
འི་	གི་	PART
དྲི་མ་	དྲི་མ་	NOUN
དང་	དང་	NO_POS
བྲལ་བ་	བྲལ་བ་	VERB
འི་	གི་	PART
། །		PUNCT
ཞི་གནས་	ཞི་གནས་	NOUN
རྒྱ་མཚོ་	རྒྱ་མཚོ་	NOUN
མི་	མི་	PART
གཡོ་	གཡོ་	VERB
བརྟན་པ་	བརྟན་པ་	VERB
ར་	ལ་	PART
ཤོག་	ཤོག་	VERB
།		PUNCT
ཅེས་པ་	ཅེས་པ་	PART
སྟེ་	སྟེ་	PART
།		PUNCT
དབང་པོ་	དབང་པོ་	NOUN
འི་	གི་	PART
རིམ་པ་	རིམ་པ་	NOUN
ས་	གིས་	PART
དམིགས་	དམིགས་	VERB
བཅའ་	བཅའ་	VERB
དམིགས་མེད་	དམིགས་མེད་	NO_POS
མཉམ་བཞག་	མཉམ་བཞག་	NOUN
རིམ་གྱིས་	རིམ་གྱིས་	NO_POS
ཉམས་	ཉམས་	NOUN
སུ་	ལ་	PART
ལེན་པ་	ལེན་པ་	VERB
འམ་	གམ་	PART
ཐོག་མ་	ཐོག་མ་	NOUN
ན་	ནས་	PART
དམིགས་མེད་	དམིགས་མེད་	NO_POS
ལ་	ལ་	PART
འཇུག་པ་	འཇུག་པ་	VERB
གང་རུང་	གང་རུང་	NOUN
གི་	གི་	PART
སྒོ་	སྒོ་	NOUN
ན་	ནས་	PART
ཐོག་མ་	ཐོག་མ་	NOUN
ར་	ལ་	PART
ཞི་གནས་	ཞི་གནས་	NOUN
ཀྱི་	གི་	PART
ཏིང་ངེ་འཛིན་	ཏིང་ངེ་འཛིན་	NOUN
ཐོབ་པ་	ཐོབ་པ་	VERB
ར་	ལ་	PART
འགྱུར་བ་	འགྱུར་བ་	VERB
ཡིན་	ཡིན་	NO_POS
ནོ་	གོ་	PART
། །		PUNCT
དེ་	དེ་	DET
འང་	ཀྱང་	PART
ཞི་གནས་	ཞི་གནས་	NOUN
ཀྱི་	གི་	PART
སྒྲ་དོན་	སྒྲ་དོན་	NOUN
ནི་	ནི་	NO_POS
སེམས་	སེམས་	NOUN
ཉོན་མོངས་པ་	ཉོན་མོངས་པ་	NOUN
འི་	གི་	PART
རྣམ་པ་	རྣམ་པ་	NOUN
ར་	ལ་	PART
རྟོག་པ་	རྟོག་པ་	VERB
ཞི་	ཞི་	VERB
ཞིང་	ཅིང་	PART
དགེ་བ་	དགེ་བ་	VERB
འི་	གི་	PART
ངོ་བོ་	ངོ་བོ་	NOUN
ར་	ལ་	PART
རྩེ་གཅིག་	རྩེ་གཅིག་	ADJ
ཏུ་	ལ་	PART
གནས་པ་	གནས་པ་	VERB
ལ་	ལ་	PART
བྱ་	བྱ་	VERB
འོ་	གོ་	PART
། །		PUNCT
རྣམ་རྟོག་	རྣམ་རྟོག་	NOUN
ཕྲ་རགས་	ཕྲ་རགས་	NOUN
ཀྱི་	གི་	PART
རྦ་རླབས་	རྦ་རླབས་	OTHER
རྣམས་	རྣམས་	DET
སེམས་ཉིད་	སེམས་ཉིད་	NOUN
མ་	མ་	PART
བཅོ་	བཅོ་	NUM
ས་	གིས་	PART
རྣལ་མ་	རྣལ་མ་	NO_POS
འི་	གི་	PART
ངང་	ངང་	NOUN
དུ་	ལ་	PART
མཉམ་པ་	མཉམ་པ་	VERB
ར་	ལ་	PART
བཞག་པ་	བཞག་པ་	VERB
ས་	གིས་	PART
རང་ས་	རང་ས་	OTHER
ར་	ལ་	PART
ཞི་	ཞི་	VERB
ན་	ནས་	PART
སེམས་ཉིད་	སེམས་ཉིད་	NOUN
གཡོ་མེད་	གཡོ་མེད་	ADJ
ཀྱི་	གི་	PART
ཆུ་བོ་	ཆུ་བོ་	NOUN
རྒྱ་མཚོ་	རྒྱ་མཚོ་	NOUN
ཆེན་པོ་	ཆེན་པོ་	ADJ
འཁྱིལ་བ་	འཁྱིལ་བ་	NO_POS
ལྟ་	ལྟ་	OTHER
ངང་	ངང་	NOUN
གིས་	གིས་	PART
གནས་པ་	གནས་པ་	VERB
ཞིག་	ཅིག་	PART
དགོས་	དགོས་	VERB
ཏེ་	སྟེ་	PART
།		PUNCT
ཕྱག་	ཕྱག་	NOUN
ཆེན་	ཆེན་	NO_POS
གང་གཱ་	གང་གཱ་	PROPN
མ་ལ་	མ་ལ་	INTJ
ས་	གིས་	PART
།		PUNCT
སེམས་	སེམས་	NOUN
ལ་	ལ་	PART
གཏད་སོ་	གཏད་སོ་	NOUN
མེད་	མེད་	VERB
དེ་	སྟེ་	PART
ཕྱག་	ཕྱག་	NOUN
ཆེན་	ཆེན་	NO_POS
ཡིན་	ཡིན་	NO_POS
། །		PUNCT
འདི་	འདི་	DET
ལ་	ལ་	PART
གོམས་	གོམས་	VERB
ཤིང་	ཅིང་	PART
འདྲིས་	འདྲིས་	NO_POS
ན་	ལ་	PART
བྱང་ཆུབ་	བྱང་ཆུབ་	NOUN
དམ་པ་	དམ་པ་	VERB
ཐོབ་	ཐོབ་	VERB
། །		PUNCT
ལ་	ལ་	ADP
ས་	གིས་	PART
ནི་	ནི་	NO_POS
དང་པོ་	དང་པོ་	ADJ
གཅོང་རོང་	གཅོང་རོང་	NO_POS
ཆུ་	ཆུ་	NOUN
དང་	དང་	NO_POS
འདྲ་	འདྲ་	VERB
། །		PUNCT
བ་	བ་	NOUN
དུ་	ལ་	PART
ཆུ་བོ་	ཆུ་བོ་	NOUN
གང་ག་	གང་ག་	PROPN
ར་	ལ་	PART
དལ་	དལ་	NOUN
གྱིས་	གིས་	PART
འབབ་	འབབ་	NO_POS
། །		PUNCT
ཐ་མ་	ཐ་མ་	ADJ
ཆུ་	ཆུ་	NOUN
རྣམས་	རྣམས་	DET
མ་བུ་	མ་བུ་	NOUN
འཕྲད་པ་	འཕྲད་པ་	VERB
བཞིན་	བཞིན་	NOUN
། །		PUNCT
ཞེ་	ཅེས་	PART
གསུངས་པ་	གསུངས་པ་	VERB
ལྟ་	ལྟ་	OTHER
།		PUNCT
ཞི་	ཞི་	VERB
མ་གནས་	མ་གནས་	NO_POS
ན་	ལ་	PART
ལྷག་	ལྷག་	NOUN
མི་	མི་	PART
མཐོང་བ་	མཐོང་བ་	VERB
འི་	གི་	PART
དཔེ་	དཔེ་	NOUN
ལྟ་	ལྟ་	OTHER
ཞི་གནས་	ཞི་གནས་	NOUN
སྐྱོན་མེད་	སྐྱོན་མེད་	ADJ
ལ་	ལ་	PART
འབད་པ་	འབད་པ་	VERB
གལ་ཆེ་	གལ་ཆེ་	OTHER
འོ་	གོ་	PART
། །		PUNCT
སེམས་	སེམས་	NOUN
མི་	མི་	PART
གསལ་	གསལ་	VERB
ཞིང་	ཅིང་	PART
འཐིབ་པ་	འཐིབ་པ་	NO_POS
འི་	གི་	PART
བྱིང་བ་	བྱིང་བ་	VERB
དང་	དང་	NO_POS
རྣམ་རྟོག་	རྣམ་རྟོག་	NOUN
མང་	མང་	VERB
དུ་	ལ་	PART
འཕྲོ་བ་	འཕྲོ་བ་	VERB
འི་	གི་	PART
རྒོད་པ་	རྒོད་པ་	VERB
དང་	དང་	NO_POS
ཆེ་	ཆེ་	VERB
མི་	མི་	PART
གསལ་	གསལ་	VERB
ཞིང་	ཅིང་	PART
ནག་ཐོམ་	ནག་ཐོམ་	NO_POS
མེ་བ་	མེ་བ་	NOUN
འདྲ་བ་	འདྲ་བ་	VERB
ས་	གིས་	PART
རྨུགས་པ་	རྨུགས་པ་	VERB
དང་	དང་	NO_POS
།		PUNCT
ཆུ་	ཆུ་	NOUN
རྙོག་པ་	རྙོག་པ་	VERB
ལྟ་	ལྟ་	OTHER
སེམས་	སེམས་	NOUN
རྣམ་རྟོག་	རྣམ་རྟོག་	NOUN
གི་	གི་	PART
རྟོག་པ་	རྟོག་པ་	VERB
ས་	གིས་	PART
བསླད་	བསླད་	NO_POS
དེ་	སྟེ་	PART
ས་ལེ་	ས་ལེ་	ADV
ར་	ལ་	PART
མི་	མི་	PART
གསལ་བ་	གསལ་བ་	VERB
འི་	གི་	PART
དྲི་མ་	དྲི་མ་	NOUN
ཐམས་ཅད་	ཐམས་ཅད་	DET
དང་	དང་	NO_POS
བྲལ་བ་	བྲལ་བ་	VERB
འི་	གི་	PART
ཞི་གནས་	ཞི་གནས་	NOUN
ཀྱི་	གི་	PART
རྒྱ་མཚོ་	རྒྱ་མཚོ་	NOUN
ཆེན་པོ་	ཆེན་པོ་	ADJ
ལ་	ལ་	PART
རྣམ་རྟོག་	རྣམ་རྟོག་	NOUN
རླུང་	རླུང་	NOUN
གི་	གི་	PART
རྦ་རླབས་	རྦ་རླབས་	OTHER
ཀྱིས་	གིས་	PART
མི་	མི་	PART
གཡོ་	གཡོ་	VERB
ཞིང་	ཅིང་	PART
རབ་ཏུ་	རབ་ཏུ་	NO_POS
བརྟན་པ་	བརྟན་པ་	VERB
ར་	ལ་	PART
ཤོག་	ཤོག་	VERB
ཅེས་པ་	ཅེས་པ་	PART
འོ་	གོ་	PART
། །		PUNCT
ཇི་སྐད་	ཇི་སྐད་	NO_POS
དུའང་		NON_WORD
།		PUNCT
བཞག་	བཞག་	VERB
ན་	ལ་	PART
གཡོ་མེད་	གཡོ་མེད་	ADJ
རི་	རི་	NOUN
ཡི་	གི་	PART
རྒྱལ་པོ་	རྒྱལ་པོ་	NOUN
ལྟ་	ལྟ་	OTHER
། །		PUNCT
བཏང་	བཏང་	VERB
ན་	ལ་	PART
དགེ་བ་	དགེ་བ་	VERB
འི་	གི་	PART
དངོས་པོ་	དངོས་པོ་	NOUN
ཀུན་	ཀུན་	DET
ལ་	ལ་	PART
འཇུག་	འཇུག་	VERB
།		PUNCT
ལུས་སེམས་	ལུས་སེམས་	NOUN
ལ་	ལ་	ADP
ས་	གིས་	PART
སུ་	ལ་	PART
རུང་བ་	རུང་བ་	VERB
འི་	གི་	PART
ཤིན་སྦྱངས་	ཤིན་སྦྱངས་	NO_POS
ཉིད་	ཉིད་	DET
། །		PUNCT
ཐོབ་པ་	ཐོབ་པ་	VERB
དེ་	སྟེ་	PART
ནི་	ནི་	NO_POS
ཞི་གནས་	ཞི་གནས་	NOUN
ཡང་དག་	ཡང་དག་	ADJ
གོ་	གོ་	PART
།		PUNCT
ཞེ་	ཅེས་	PART
གསུངས་པ་	གསུངས་པ་	VERB
ལྟ་	ལྟ་	OTHER
རོ་	རོ་	NOUN
། །		PUNCT
གཉིས་པ་	གཉིས་པ་	NUM
ལྷག་མཐོང་	ལྷག་མཐོང་	NOUN
ལ་	ལ་	PART
གཉིས་	གཉིས་	NUM
།		PUNCT
དངོ་	དངོ་	NOUN
དང་	དང་	NO_POS
གཞི་རྩ་	གཞི་རྩ་	NOUN
གཅོད་པ་	གཅོད་པ་	VERB
འོ་	གོ་	PART
། །		PUNCT
དང་པོ་	དང་པོ་	ADJ
ནི་	ནི་	NO_POS
།		PUNCT
བལྟ་	བལྟ་	VERB
ར་	ལ་	PART
མེད་	མེད་	VERB
སེམས་	སེམས་	NOUN
ལ་	ལ་	PART
ཡང་ཡང་	ཡང་ཡང་	NO_POS
བལྟས་་	བལྟས་པ་	VERB
འི་	གི་	PART
ཚེ་	ཚེ་	NOUN
། །		PUNCT
མཐོང་	མཐོང་	VERB
མེད་	མེད་	VERB
དོན་	དོན་	NOUN
ནི་	ནི་	NO_POS
ཇི་བཞིན་	ཇི་བཞིན་	OTHER
ལྷག་	ལྷག་	NOUN
གེར་	གེར་	NO_POS
མཐོང་	མཐོང་	VERB
། །		PUNCT
ཡིན་	ཡིན་	NO_POS
མིན་	མིན་	AUX
དོན་	དོན་	NOUN
ལ་	ལ་	PART
ཐེ་ཚོམ་	ཐེ་ཚོམ་	NOUN
ཆོད་པ་	ཆོད་པ་	VERB
ཉིད་	ཉིད་	DET
། །		PUNCT
འཁྲུལ་	འཁྲུལ་	NO_POS
མེད་	མེད་	VERB
རང་	རང་	PRON
ངོ་	གོ་	PART
རང་	རང་	PRON
གིས་	གིས་	PART
ཤེས་པ་	ཤེས་པ་	VERB
ར་	ལ་	PART
ཤོག་	ཤོག་	VERB
།		PUNCT
ཅེས་པ་	ཅེས་པ་	PART
སྟེ་	སྟེ་	PART
།		PUNCT
བལྟ་བ་	བལྟ་བ་	VERB
འི་	གི་	PART
ཡུལ་	ཡུལ་	NOUN
ལ་	ལ་	ADP
ས་	གིས་	PART
འདས་པ་	འདས་པ་	VERB
ས་	གིས་	PART
བལྟ་བ་	བལྟ་བ་	VERB
ར་	ལ་	PART
བྱར་མེད་པ་	བྱར་མེད་པ་	NOUN
འི་	གི་	PART
སེམས་	སེམས་	NOUN
དངོས་པོ་	དངོས་པོ་	NOUN
འི་	གི་	PART
གནས་ལུགས་	གནས་ལུགས་	VERB
དེ་ཉིད་	དེ་ཉིད་	NOUN
ལ་	ལ་	PART
མཉམ་པ་	མཉམ་པ་	VERB
ར་	ལ་	PART
བཞག་	བཞག་	VERB
ཅིང་	ཅིང་	PART
བླ་མ་	བླ་མ་	NOUN
འི་	གི་	PART
མན་ངག་	མན་ངག་	NOUN
དང་	དང་	NO_POS
བསྒོམ་པ་	བསྒོམ་པ་	VERB
ལ་	ལ་	ADP
ས་	གིས་	PART
བྱུང་བ་	བྱུང་བ་	VERB
འི་	གི་	PART
ཤེས་རབ་	ཤེས་རབ་	NOUN
ཀྱི་	གི་	PART
མིག་	མིག་	NOUN
གིས་	གིས་	PART
ཡང་	ཀྱང་	PART
དང་	དང་	NO_POS
ཡང་	ཀྱང་	PART
དུ་	ལ་	PART
བལྟས་་	བལྟས་པ་	VERB
དེ་	དེ་	DET
འི་	གི་	PART
ཚེ་	ཚེ་	NOUN
།		PUNCT
མཐོང་བ་	མཐོང་བ་	VERB
དང་	དང་	NO_POS
བྲལ་བ་	བྲལ་བ་	VERB
འི་	གི་	PART
དོན་	དོན་	NOUN
ཇི་ལྟ་བ་	ཇི་ལྟ་བ་	ADJ
བཞིན་	བཞིན་	NOUN
ལྷག་	ལྷག་	NOUN
གེར་	གེར་	NO_POS
མཐོང་བ་	མཐོང་བ་	VERB
ས་	གིས་	PART
།		PUNCT
གནས་ལུགས་	གནས་ལུགས་	VERB
ཀྱི་	གི་	PART
དོན་	དོན་	NOUN
དེ་	སྟེ་	PART
ལ་	ལ་	PART
ཡིན་	ཡིན་	NO_POS
མིན་	མིན་	AUX
ཡོད་མེད་	ཡོད་མེད་	ADJ
ལ་སོགས་པ་	ལ་སོགས་པ་	NO_POS
འི་	གི་	PART
སྒྲོ་འདོགས་	སྒྲོ་འདོགས་	NOUN
དང་	དང་	NO_POS
ཐེ་ཚོམ་	ཐེ་ཚོམ་	NOUN
ཐམས་ཅད་	ཐམས་ཅད་	DET
དེ་ཉིད་	དེ་ཉིད་	NOUN
དུ་	ལ་	PART
ཆོད་	ཆོད་	VERB
དེ་	སྟེ་	PART
འཁྲུལ་བ་	འཁྲུལ་བ་	VERB
མེད་པ་	མེད་པ་	VERB
འི་	གི་	PART
རང་	རང་	PRON
ངོ་	གོ་	PART
རང་	རང་	PRON
གིས་	གིས་	PART
ཤེས་པ་	ཤེས་པ་	VERB
འི་	གི་	PART
ཚུལ་	ཚུལ་	NOUN
དུ་	ལ་	PART
གསལ་བ་	གསལ་བ་	VERB
ར་	ལ་	PART
མྱོང་བ་	མྱོང་བ་	VERB
དེ་ལྟ་	དེ་ལྟ་	NO_POS
བུ་	བུ་	NOUN
འི་	གི་	PART
ལྷག་མཐོང་	ལྷག་མཐོང་	NOUN
གི་	གི་	PART
ཡེ་ཤེས་	ཡེ་ཤེས་	NOUN
སྐྱེ་	སྐྱེ་	VERB
ན་	ནས་	PART
ལྷན་སྐྱེས་	ལྷན་སྐྱེས་	ADJ
ཕྱག་རྒྱ་	ཕྱག་རྒྱ་	NOUN
ཆེན་པོ་	ཆེན་པོ་	ADJ
སྟེ་	སྟེ་	PART
མངོན་དུ་	མངོན་དུ་	NO_POS
འགྱུར་བ་	འགྱུར་བ་	VERB
ར་	ལ་	PART
ཤོག་	ཤོག་	VERB
ཅེས་པ་	ཅེས་པ་	PART
འོ་	གོ་	PART
། །		PUNCT
རྗེ་བཙུན་	རྗེ་བཙུན་	NOUN
ཆེན་པོ་	ཆེན་པོ་	ADJ
ས་	གིས་	PART
།		PUNCT
རྣལ་འབྱོར་	རྣལ་འབྱོར་	NOUN
མི་ལ་རས་པ་	མི་ལ་རས་པ་	PROPN
ང་	ང་	OTHER
།		PUNCT
ཅེར་	ཅེར་	NO_POS
གྱིས་	གིས་	PART
བལྟས་་	བལྟས་པ་	VERB
ས་	གིས་	PART
ངོ་བོ་	ངོ་བོ་	NOUN
མཐོང་	མཐོང་	VERB
། །		PUNCT
སྤྲོས་བྲལ་	སྤྲོས་བྲལ་	ADJ
ནམ་མཁ་	ནམ་མཁའ་	NOUN
འི་	གི་	PART
དཀྱིལ་	དཀྱིལ་	NOUN
ལྟ་	ལྟ་	OTHER
མཐོང་	མཐོང་	VERB
། །		PUNCT
ཅོག་གེ་	ཅོག་གེ་	ADJ
བཞག་པ་	བཞག་པ་	VERB
ས་	གིས་	PART
གནས་ལུགས་	གནས་ལུགས་	VERB
རྟོགས་	རྟོགས་	VERB
། །		PUNCT
དངོ་	དངོ་	NOUN
ཀུན་	ཀུན་	DET
སྟོང་པ་	སྟོང་པ་	VERB
འི་	གི་	PART
ངོ་བོ་	ངོ་བོ་	NOUN
ར་	ལ་	PART
རྟོགས་	རྟོགས་	VERB
། །		PUNCT
ལྷོད་	ལྷོད་	NO_POS
ཀྱི་	གི་	PART
ལོད་པ་	ལོད་པ་	NO_POS
ས་	གིས་	PART
རང་ས་	རང་ས་	OTHER
ཟིན་	ཟིན་	VERB
། །		PUNCT
རིག་པ་	རིག་པ་	VERB
འི་	གི་	PART
ངོ་བོ་	ངོ་བོ་	NOUN
ར་	ལ་	PART
དྭངས་སྙིགས་	དྭངས་སྙིགས་	NO_POS
བྱེད་	བྱེད་	VERB
། །		PUNCT
ལིངས་	ལིངས་	NO_POS
ཀྱིས་	གིས་	PART
བོར་བ་	བོར་བ་	VERB
ས་	གིས་	PART
དྲན་རྟོག་	དྲན་རྟོག་	NO_POS
ཆད་	ཆད་	VERB
། །		PUNCT
འགྲོ་	འགྲོ་	VERB
དྲུག་	དྲུག་	NUM
གཡང་ས་	གཡང་ས་	NO_POS
རྦད་	རྦད་	OTHER
ཀྱིས་	གིས་	PART
ཆོད་	ཆོད་	VERB
། །		PUNCT
ཅེས་	ཅེས་	PART
གསུངས་པ་	གསུངས་པ་	VERB
ལྟ་	ལྟ་	OTHER
རོ་	རོ་	NOUN
། །		PUNCT
གཉིས་པ་	གཉིས་པ་	NUM
གཞི་རྩ་	གཞི་རྩ་	NOUN
གཅོད་པ་	གཅོད་པ་	VERB
ནི་	ནི་	NO_POS
།		PUNCT
ཡུལ་	ཡུལ་	NOUN
ལ་	ལ་	PART
བལྟས་་	བལྟས་པ་	VERB
ས་	གིས་	PART
ཡུལ་མེད་	ཡུལ་མེད་	NO_POS
སེམས་	སེམས་	NOUN
སུ་	ལ་	PART
མཐོང་	མཐོང་	VERB
། །		PUNCT
སེམས་	སེམས་	NOUN
ལ་	ལ་	PART
བལྟས་་	བལྟས་པ་	VERB
ས་	གིས་	PART
སེམས་	སེམས་	NOUN
མེད་	མེད་	VERB
ངོ་བོ་	ངོ་བོ་	NOUN
ས་	གིས་	PART
སྟོང་	སྟོང་	NUM
། །		PUNCT
གཉིས་	གཉིས་	NUM
ལ་	ལ་	PART
བལྟས་་	བལྟས་པ་	VERB
ས་	གིས་	PART
གཉིས་	གཉིས་	NUM
འཛིན་	འཛིན་	VERB
རང་ས་	རང་ས་	OTHER
ར་	ལ་	PART
གྲོལ་	གྲོལ་	VERB
། །		PUNCT
འོད་གསལ་	འོད་གསལ་	NOUN
སེམས་	སེམས་	NOUN
ཀྱི་	གི་	PART
གནས་ལུགས་	གནས་ལུགས་	VERB
རྟོགས་པ་	རྟོགས་པ་	VERB
ར་	ལ་	PART
ཤོག་	ཤོག་	VERB
།		PUNCT
ཅེས་པ་	ཅེས་པ་	PART
འོ་	གོ་	PART
། །		PUNCT
དེ་	དེ་	DET
འང་	ཀྱང་	PART
ཡུལ་	ཡུལ་	NOUN
ནི་	ནི་	NO_POS
གཟུགས་	གཟུགས་	NOUN
སྒྲ་	སྒྲ་	NOUN
དྲི་རོ་	དྲི་རོ་	NOUN
རེག་	རེག་	VERB
ཆོ་	ཆོ་	NOUN
རྣམས་	རྣམས་	DET
ཏེ་	སྟེ་	PART
།		PUNCT
གང་	གང་	NO_POS
ཤ་	ཤ་	VERB
ཞེ་	ཅེས་	PART
གང་	གང་	NO_POS
ཤ་	ཤ་	VERB
གྱི་	གི་	PART
སྣང་བ་	སྣང་བ་	VERB
དེ་དག་	དེ་དག་	OTHER
གི་	གི་	PART
སྟེང་	སྟེང་	NOUN
དུ་	ལ་	PART
བལྟ་	བལྟ་	VERB
ན་	ནས་	PART
མཉམ་པ་	མཉམ་པ་	VERB
ར་	ལ་	PART
བཞག་པ་	བཞག་པ་	VERB
ས་	གིས་	PART
བསྒོམ་	བསྒོམ་	VERB
བྱུང་	བྱུང་	VERB
གི་	གི་	PART
ཤེས་རབ་	ཤེས་རབ་	NOUN
གནས་ཡུལ་	གནས་ཡུལ་	NO_POS
རྣམས་	རྣམས་	DET
རང་	རང་	PRON
ངོ་མ་	ངོ་མ་	OTHER
གྲུབ་པ་	གྲུབ་པ་	VERB
སེམས་	སེམས་	NOUN
ཙམ་	ཙམ་	DET
དུ་	ལ་	PART
མཐོང་བ་	མཐོང་བ་	VERB
ར་	ལ་	PART
འགྱུར་	འགྱུར་	VERB
ཞིང་	ཅིང་	PART
དེ་བཞིན་	དེ་བཞིན་	OTHER
དུ་	ལ་	PART
སེམས་	སེམས་	NOUN
ཀྱི་	གི་	PART
རང་	རང་	PRON
ངོ་	གོ་	PART
ལ་	ལ་	PART
བལྟ་	བལྟ་	VERB
ན་	ནས་	PART
མཉམ་པ་	མཉམ་པ་	VERB
ར་	ལ་	PART
བཞག་པ་	བཞག་པ་	VERB
འི་	གི་	PART
མཐུ་	མཐུ་	NOUN
ས་	གིས་	PART
སེམས་	སེམས་	NOUN
ཀྱང་	ཀྱང་	PART
གཞི་མེད་	གཞི་མེད་	ADJ
རྩ་	རྩ་	NUM
བྲལ་	བྲལ་	VERB
དུ་	ལ་	PART
རྟོགས་པ་	རྟོགས་པ་	VERB
ར་	ལ་	PART
འགྱུར་བ་	འགྱུར་བ་	VERB
དང་	དང་	NO_POS
།		PUNCT
སྣང་	སྣང་	VERB
སེམས་	སེམས་	NOUN
གཉིས་ཀ་	གཉིས་ཀ་	OTHER
རོ་	རོ་	NOUN
མཉམ་	མཉམ་	VERB
དུ་	ལ་	PART
མཉམ་པ་	མཉམ་པ་	VERB
ར་	ལ་	PART
བཞག་པ་	བཞག་པ་	VERB
འི་	གི་	PART
མཐུ་	མཐུ་	NOUN
ས་	གིས་	PART
ཡུལ་	ཡུལ་	NOUN
ཡུལ་ཅན་	ཡུལ་ཅན་	NOUN
གྱི་	གི་	PART
གཉིས་	གཉིས་	NUM
སུ་	ལ་	PART
འཛིན་པ་	འཛིན་པ་	VERB
གཞི་མེད་	གཞི་མེད་	ADJ
དུ་	ལ་	PART
རང་ས་	རང་ས་	OTHER
ར་	ལ་	PART
གྲོལ་བ་	གྲོལ་བ་	VERB
ར་	ལ་	PART
འགྱུར་བ་	འགྱུར་བ་	VERB
འི་	གི་	PART
ཕྱི་	ཕྱི་	OTHER
ཐབས་	ཐབས་	NOUN
དེ་ལྟ་	དེ་ལྟ་	NO_POS
བུ་	བུ་	NOUN
ལ་	ལ་	PART
བརྟེན་	བརྟེན་	VERB
ན་	ནས་	PART
རང་བཞིན་	རང་བཞིན་	NOUN
གྱིས་	གིས་	PART
སྒྲིབ་པ་	སྒྲིབ་པ་	VERB
དང་	དང་	NO_POS
བྲལ་བ་	བྲལ་བ་	VERB
ས་	གིས་	PART
འོད་གསལ་བ་	འོད་གསལ་བ་	NO_POS
འི་	གི་	PART
སེམས་	སེམས་	NOUN
ཀྱི་	གི་	PART
གནས་ལུགས་	གནས་ལུགས་	VERB
ཇི་ལྟ་བ་	ཇི་ལྟ་བ་	ADJ
བཞིན་	བཞིན་	NOUN
རྟོགས་པ་	རྟོགས་པ་	VERB
འི་	གི་	PART
ལྷག་	ལྷག་	NOUN
དབུལམཐོང་		NON_WORD
གི་	གི་	PART
ཡེ་ཤེས་	ཡེ་ཤེས་	NOUN
སྐྱེ་བ་	སྐྱེ་བ་	VERB
ར་	ལ་	PART
ཤོག་	ཤོག་	VERB
།		PUNCT
ཅེས་པ་	ཅེས་པ་	PART
སྟེ་	སྟེ་	PART
།		PUNCT
ཞང་	ཞང་	PROPN
རིན་པོ་ཆེ་	རིན་པོ་ཆེ་	ADJ
ས་	གིས་	PART
།		PUNCT
ཤེས་པ་	ཤེས་པ་	VERB
ལྷོད་	ལྷོད་	NO_POS
ཀྱིས་	གིས་	PART
གློད་པ་	གློད་པ་	NO_POS
འི་	གི་	PART
ཚེ་	ཚེ་	NOUN
། །		PUNCT
གསལ་	གསལ་	VERB
ལ་	ལ་	PART
རྟོག་པ་	རྟོག་པ་	VERB
མེད་པ་	མེད་པ་	VERB
འི་	གི་	PART
ཉམས་	ཉམས་	NOUN
། །		PUNCT
བ་	བ་	NOUN
སྔ་	སྔ་	ADV
ཕུག་པ་	ཕུག་པ་	VERB
འི་	གི་	PART
དཀྱིལ་	དཀྱིལ་	NOUN
ལྟ་	ལྟ་	OTHER
འཆར་	འཆར་	NO_POS
། །		PUNCT
དེ་	སྟེ་	PART
ནི་	ནི་	NO_POS
འོད་གསལ་	འོད་གསལ་	NOUN
ཆོས་སྐུ་	ཆོས་སྐུ་	NOUN
ཡིན་	ཡིན་	NO_POS
། །		PUNCT
ཞེ་	ཅེས་	PART
སོ་	གོ་	PART
། །		PUNCT
གསུམ་པ་	གསུམ་པ་	NUM
མཚན་	མཚན་	NOUN
གྱི་	གི་	PART
རྣམ་	རྣམ་	NOUN
གྲངས་	གྲངས་	NOUN
ནི་	ནི་	NO_POS
།		PUNCT
ཡིད་བྱེད་	ཡིད་བྱེད་	NO_POS
བྲལ་བ་	བྲལ་བ་	VERB
འདི་	འདི་	DET
ནི་	ནི་	NO_POS
ཕྱག་རྒྱ་	ཕྱག་རྒྱ་	NOUN
ཆེ་	ཆེ་	VERB
། །		PUNCT
མཐའ་	མཐའ་	NOUN
དང་	དང་	NO_POS
བྲལ་བ་	བྲལ་བ་	VERB
དབུ་མ་	དབུ་མ་	PROPN
ཆེན་པོ་	ཆེན་པོ་	ADJ
ཡིན་	ཡིན་	NO_POS
། །		PUNCT
འདི་	འདི་	DET
ནི་	ནི་	NO_POS
ཀུན་	ཀུན་	DET
འདུ་	འདུ་	VERB
རྫོགས་ཆེན་	རྫོགས་ཆེན་	NOUN
ཞེ་	ཅེས་	PART
ཀྱང་	ཀྱང་	PART
བྱ་	བྱ་	VERB
། །		PUNCT
གཅིག་	གཅིག་	NUM
ཤེ་	ཤེ་	VERB
ཀུན་	ཀུན་	DET
དོན་	དོན་	NOUN
རྟོགས་པ་	རྟོགས་པ་	VERB
འི་	གི་	PART
གདེངས་	གདེངས་	NOUN
ཐོབ་	ཐོབ་	VERB
ཤོག་	ཤོག་	VERB
།		PUNCT
ཅེས་པ་	ཅེས་པ་	PART
སྟེ་	སྟེ་	PART
།		PUNCT
དེ་	དེ་	DET
འང་	ཀྱང་	PART
རང་བཞིན་	རང་བཞིན་	NOUN
ལྷན་ཅིག་	ལྷན་ཅིག་	OTHER
སྐྱེས་པ་	སྐྱེས་པ་	VERB
ཇི་ལྟ་	ཇི་ལྟ་	ADJ
བ་	བ་	NOUN
རྟོགས་པ་	རྟོགས་པ་	VERB
དེ་	སྟེ་	PART
ཡིད་	ཡིད་	NOUN
ལ་	ལ་	PART
བྱེད་པ་	བྱེད་པ་	VERB
ཐམས་ཅད་	ཐམས་ཅད་	DET
དང་	དང་	NO_POS
བྲལ་བ་	བྲལ་བ་	VERB
ས་	གིས་	PART
ཕྱག་རྒྱ་	ཕྱག་རྒྱ་	NOUN
ཆེན་པོ་	ཆེན་པོ་	ADJ
ཞེ་	ཅེས་	PART
བྱ་བ་	བྱ་བ་	VERB
ཡིན་	ཡིན་	NO_POS
ལ་	ལ་	PART
།		PUNCT
མཚན་	མཚན་	NOUN
གྱི་	གི་	PART
རྣམ་	རྣམ་	NOUN
གྲངས་	གྲངས་	NOUN
གཞན་	གཞན་	DET
ཡང་	ཀྱང་	PART
མཐའ་	མཐའ་	NOUN
ཐམས་ཅད་	ཐམས་ཅད་	DET
དང་	དང་	NO_POS
བྲལ་བ་	བྲལ་བ་	VERB
ས་	གིས་	PART
དབུ་མ་	དབུ་མ་	PROPN
ཆེན་པོ་	ཆེན་པོ་	ADJ
ཞེ་	ཅེས་	PART
དང་	དང་	NO_POS
།		PUNCT
ཆོ་	ཆོ་	NOUN
ཐམས་ཅད་	ཐམས་ཅད་	DET
ཀྱི་	གི་	PART
དོན་	དོན་	NOUN
དང་	དང་	NO_POS
རྟོགས་པ་	རྟོགས་པ་	VERB
འདི་	འདི་	DET
ར་	ལ་	PART
འདུས་པ་	འདུས་པ་	VERB
ས་	གིས་	PART
རྫོགས་པ་	རྫོགས་པ་	VERB
ཆེན་པོ་	ཆེན་པོ་	ADJ
ཞེ་	ཅེས་	PART
ཀྱང་	ཀྱང་	PART
བྱ་	བྱ་	VERB
སྟེ་	སྟེ་	PART
།		PUNCT
དེ་བཞིན་ཉིད་	དེ་བཞིན་ཉིད་	NOUN
གཅིག་པུ་	གཅིག་པུ་	ADJ
འདི་ཁོ་ན་	འདི་ཁོ་ན་	NO_POS
ཤེས་པ་	ཤེས་པ་	VERB
ས་	གིས་	PART
ཆོ་	ཆོ་	NOUN
ཐམས་ཅད་	ཐམས་ཅད་	DET
ཀྱི་	གི་	PART
གནད་གསང་	གནད་གསང་	NO_POS
མ་ལུས་པ་	མ་ལུས་པ་	OTHER
རྟོགས་པ་	རྟོགས་པ་	VERB
འི་	གི་	PART
གདེངས་	གདེངས་	NOUN
དང་	དང་	NO_POS
ལྡན་པ་	ལྡན་པ་	VERB
ཞིག་	ཅིག་	PART
དགོས་	དགོས་	VERB
སོ་	གོ་	PART
། །		PUNCT
ཞེ་	ཅེས་	PART
གདམས་པ་	གདམས་པ་	VERB
འི་	གི་	PART
ཕྱི་	ཕྱི་	OTHER
སྨོན་པ་	སྨོན་པ་	VERB
འོ་	གོ་	PART
།		PUNCT
བདེ་གཤེགས་	བདེ་གཤེགས་	NOUN
ཕག་མོ་	ཕག་མོ་	PROPN
གྲུ་པ་	གྲུ་པ་	PROPN
ས་	གིས་	PART
།		PUNCT
རྣམ་རྟོག་	རྣམ་རྟོག་	NOUN
དང་	དང་	NO_POS
ནི་	ནི་	NO_POS
ཉོན་མོངས་པ་	ཉོན་མོངས་པ་	NOUN
། །		PUNCT
ཐམས་ཅད་	ཐམས་ཅད་	DET
འདུལ་བ་	འདུལ་བ་	VERB
ས་	གིས་	PART
འདུལ་བ་	འདུལ་བ་	VERB
ཡིན་	ཡིན་	NO_POS
། །		PUNCT
རྣམ་པ་	རྣམ་པ་	NOUN
ར་	ལ་	PART
རྟོག་པ་	རྟོག་པ་	VERB
ཆོས་སྐུ་	ཆོས་སྐུ་	NOUN
རུ་	ལ་	PART
། །		PUNCT
ངེས་པ་	ངེས་པ་	VERB
འི་	གི་	PART
ཤེས་པ་	ཤེས་པ་	VERB
སྐྱེས་པ་	སྐྱེས་པ་	VERB
འི་	གི་	PART
ས་	ས་	ADP
། །		PUNCT
སྒྲོ་འདོགས་	སྒྲོ་འདོགས་	NOUN
ནང་	ནང་	NOUN
ན་	ནས་	PART
གཅོད་པ་	གཅོད་པ་	VERB
ས་	གིས་	PART
ན་	ལ་	PART
། །		PUNCT
འདི་	འདི་	DET
ནི་	ནི་	NO_POS
བླ་མ་	བླ་མ་	NOUN
འི་	གི་	PART
གདམས་ངག་	གདམས་ངག་	NOUN
ཡིན་	ཡིན་	NO_POS
། །		PUNCT
འཁོར་	འཁོར་	NOUN
དང་	དང་	NO_POS
མྱ་ངན་	མྱ་ངན་	NOUN
འདས་པ་	འདས་པ་	VERB
འི་	གི་	PART
ཕྱི་	ཕྱི་	OTHER
། །		PUNCT
སེམས་	སེམས་	NOUN
སུ་	ལ་	PART
རྫོགས་པ་	རྫོགས་པ་	VERB
ས་	གིས་	PART
རྫོགས་ཆེན་	རྫོགས་ཆེན་	NOUN
ཡིན་	ཡིན་	NO_POS
། །		PUNCT
བཟང་	བཟང་	VERB
རྟོག་	རྟོག་	VERB
ངན་	ངན་	VERB
རྟོག་	རྟོག་	VERB
ཐམས་ཅད་	ཐམས་ཅད་	DET
ཀུན་	ཀུན་	DET
། །		PUNCT
ཡིད་	ཡིད་	NOUN
ལ་	ལ་	PART
མི་	མི་	PART
བྱེད་	བྱེད་	VERB
ཕྱག་རྒྱ་	ཕྱག་རྒྱ་	NOUN
ཆེ་	ཆེ་	VERB
། །		PUNCT
སྡུག་བསྔལ་	སྡུག་བསྔལ་	NOUN
ཞི་བ་	ཞི་བ་	VERB
ས་	གིས་	PART
ཞི་བྱེད་	ཞི་བྱེད་	NOUN
ཡིན་	ཡིན་	NO_POS
།		PUNCT
ཉོན་མོངས་	ཉོན་མོངས་	NOUN
དང་	དང་	NO_POS
ནི་	ནི་	NO_POS
རྣམ་རྟོག་	རྣམ་རྟོག་	NOUN
ཀུན་	ཀུན་	DET
། །		PUNCT
ལམ་	གམ་	PART
དུ་	ལ་	PART
སློང་བ་	སློང་བ་	VERB
ས་	གིས་	PART
གསང་སྔགས་	གསང་སྔགས་	NOUN
ཡིན་	ཡིན་	NO_POS
། །		PUNCT
སེམས་	སེམས་	NOUN
དང་	དང་	NO_POS
རྣམ་རྟོག་	རྣམ་རྟོག་	NOUN
ཆོས་སྐུ་	ཆོས་སྐུ་	NOUN
གསུམ་	གསུམ་	NUM
། །		PUNCT
དང་པོ་	དང་པོ་	ADJ
ལྷན་ཅིག་	ལྷན་ཅིག་	OTHER
སྐྱེས་པ་	སྐྱེས་པ་	VERB
སྟེ་	སྟེ་	PART
། །		PUNCT
གདམས་པ་	གདམས་པ་	VERB
ས་	གིས་	PART
གཅིག་	གཅིག་	NUM
ཏུ་	ལ་	PART
སྦྱོར་བ་	སྦྱོར་བ་	VERB
འི་	གི་	PART
ཕྱི་	ཕྱི་	OTHER
། །		PUNCT
ལྷན་ཅིག་	ལྷན་ཅིག་	OTHER
སྐྱེ་	སྐྱེ་	VERB
སྦྱོར་	སྦྱོར་	VERB
ཞེ་	ཅེས་	PART
སུ་	ལ་	PART
བཤད་	བཤད་	VERB
། །		PUNCT
འདྲེ་	འདྲེ་	NOUN
དང་	དང་	NO_POS
བདུད་	བདུད་	NOUN
ལ་སོགས་པ་	ལ་སོགས་པ་	NO_POS
ཡི་	གི་	PART
། །		PUNCT
བར་གཅོད་	བར་གཅོད་	NOUN
ལ་	ལ་	PART
ཡང་	ཀྱང་	PART
བསྔགས་	བསྔགས་	VERB
སོ་	གོ་	PART
གསུངས་	གསུངས་	VERB
། །		PUNCT
ཞེ་	ཅེས་	PART
གསུངས་པ་	གསུངས་པ་	VERB
ལྟ་	ལྟ་	OTHER
རོ་	རོ་	NOUN
། །		PUNCT
གཉིས་པ་	གཉིས་པ་	NUM
དེ་	སྟེ་	PART
ལ་	ལ་	PART
ཉམས་རྟོགས་	ཉམས་རྟོགས་	NOUN
སྐྱེ་	སྐྱེ་	VERB
ཚུལ་	ཚུལ་	NOUN
ལ་	ལ་	PART
གཉིས་	གཉིས་	NUM
།		PUNCT
ཉམས་	ཉམས་	NOUN
དང་	དང་	NO_POS
རྟོགས་པ་	རྟོགས་པ་	VERB
འོ་	གོ་	PART
། །		PUNCT
དང་པོ་	དང་པོ་	ADJ
ནི་	ནི་	NO_POS
།		PUNCT
ཞེན་པ་	ཞེན་པ་	VERB
མེད་པ་	མེད་པ་	VERB
འི་	གི་	PART
བདེ་ཆེན་	བདེ་ཆེན་	NOUN
རྒྱུན་	རྒྱུན་	NOUN
ཆད་	ཆད་	VERB
མེད་	མེད་	VERB
། །		PUNCT
མཚན་	མཚན་	NOUN
འཛིན་	འཛིན་	VERB
མེད་པ་	མེད་པ་	VERB
འི་	གི་	PART
འོད་གསལ་	འོད་གསལ་	NOUN
སྒྲིབ་གཡོགས་	སྒྲིབ་གཡོགས་	NOUN
བྲལ་	བྲལ་	VERB
། །		PUNCT
བློ་	བློ་	NOUN
ལ་	ལ་	ADP
ས་	གིས་	PART
འདས་པ་	འདས་པ་	VERB
འི་	གི་	PART
མི་	མི་	PART
རྟོགས་	རྟོགས་	VERB
ལྷུན་	ལྷུན་	NOUN
གྱིས་	གིས་	PART
གྲུབ་	གྲུབ་	VERB
། །		PUNCT
རྩོལ་	རྩོལ་	NO_POS
མེད་	མེད་	VERB
ཉམས་མྱོང་	ཉམས་མྱོང་	NOUN
རྒྱུན་	རྒྱུན་	NOUN
ཆད་	ཆད་	VERB
མེད་པ་	མེད་པ་	VERB
ར་	ལ་	PART
ཤོག་	ཤོག་	VERB
།		PUNCT
ཅེས་པ་	ཅེས་པ་	PART
སྟེ་	སྟེ་	PART
།		PUNCT
དེ་ལྟ་	དེ་ལྟ་	NO_POS
ཞི་ལྷག་	ཞི་ལྷག་	NO_POS
གི་	གི་	PART
རྣལ་འབྱོར་	རྣལ་འབྱོར་	NOUN
ལ་	ལ་	PART
མཉམ་པ་	མཉམ་པ་	VERB
ར་	ལ་	PART
བཞག་པ་	བཞག་པ་	VERB
ན་	ལ་	PART
སྐྱོན་མེད་པ་	སྐྱོན་མེད་པ་	ADJ
འི་	གི་	PART
ཉམས་	ཉམས་	NOUN
གསུམ་	གསུམ་	NUM
སྐྱེ་བ་	སྐྱེ་བ་	VERB
ར་	ལ་	PART
འགྱུར་	འགྱུར་	VERB
ཏེ་	སྟེ་	PART
།		PUNCT
ཞེན་ཆགས་	ཞེན་ཆགས་	NOUN
དང་	དང་	NO_POS
བྲལ་བ་	བྲལ་བ་	VERB
འི་	གི་	PART
བདེ་བ་	བདེ་བ་	VERB
ཆེན་པོ་	ཆེན་པོ་	ADJ
རྒྱུན་	རྒྱུན་	NOUN
ཆད་	ཆད་	VERB
མེད་པ་	མེད་པ་	VERB
འི་	གི་	PART
ཉམས་	ཉམས་	NOUN
དང་	དང་	NO_POS
ཡུལ་	ཡུལ་	NOUN
ལ་	ལ་	PART
མཚན་མ་	མཚན་མ་	NOUN
ར་	ལ་	PART
འཛིན་པ་	འཛིན་པ་	VERB
དང་	དང་	NO_POS
བྲལ་བ་	བྲལ་བ་	VERB
འི་	གི་	PART
རང་རིག་	རང་རིག་	NO_POS
འོད་གསལ་	འོད་གསལ་	NOUN
སྒྲིབ་	སྒྲིབ་	NOUN
གཡོག་	གཡོག་	NOUN
དང་	དང་	NO_POS
བྲལ་བ་	བྲལ་བ་	VERB
འི་	གི་	PART
ཉམས་	ཉམས་	NOUN
དང་	དང་	NO_POS
བློ་	བློ་	NOUN
འི་	གི་	PART
སྤྱོད་ཡུལ་	སྤྱོད་ཡུལ་	NOUN
ལ་	ལ་	ADP
ས་	གིས་	PART
འདས་པ་	འདས་པ་	VERB
འི་	གི་	PART
མི་	མི་	PART
རྟོག་	རྟོག་	VERB
སྟོང་པ་ཉིད་	སྟོང་པ་ཉིད་	NOUN
ལྷུན་	ལྷུན་	NOUN
གྱིས་	གིས་	PART
གྲུབ་པ་	གྲུབ་པ་	VERB
འི་	གི་	PART
ཉམས་	ཉམས་	NOUN
སོ་	གོ་	PART
། །		PUNCT
དེ་ལྟ་	དེ་ལྟ་	NO_POS
བདེ་	བདེ་	VERB
གསལ་	གསལ་	VERB
མི་	མི་	PART
རྟོག་པ་	རྟོག་པ་	VERB
འི་	གི་	PART
ཉམས་	ཉམས་	NOUN
གསུམ་	གསུམ་	NUM
ཀ་	ཀ་	DET
འང་	ཀྱང་	PART
འབྱུང་	འབྱུང་	VERB
དུ་	ལ་	PART
རེ་བ་	རེ་བ་	VERB
དང་	དང་	NO_POS
མ་	མ་	PART
བྱུང་	བྱུང་	VERB
གིས་	གིས་	PART
དོགས་པ་	དོགས་པ་	VERB
སོགས་	སོགས་	DET
གང་	གང་	NO_POS
གིས་	གིས་	PART
ཀྱང་	ཀྱང་	PART
མི་	མི་	PART
བསླད་པ་	བསླད་པ་	VERB
ར་	ལ་	PART
གཉུག་	གཉུག་	NO_POS
མ་	མ་	PART
འི་	གི་	PART
ངང་	ངང་	NOUN
དུ་	ལ་	PART
བཟླས་	བཟླས་	NO_POS
ཀྱང་	ཀྱང་	PART
རྩོལ་སྒྲུབ་	རྩོལ་སྒྲུབ་	NO_POS
མེད་པ་	མེད་པ་	VERB
ར་	ལ་	PART
ངང་	ངང་	NOUN
གིས་	གིས་	PART
རྒྱུན་	རྒྱུན་	NOUN
མི་	མི་	PART
ཆད་	ཆད་	VERB
དུ་	ལ་	PART
འབྱུང་བ་	འབྱུང་བ་	VERB
ཆོས་ཉིད་	ཆོས་ཉིད་	NOUN
དོ་	གོ་	PART
། །		PUNCT
དེ་	སྟེ་	PART
ལ་	ལ་	PART
ཉམས་	ཉམས་	NOUN
སྐྱོན་	སྐྱོན་	NOUN
དང་	དང་	NO_POS
བཅས་པ་	བཅས་པ་	VERB
ནི་	ནི་	NO_POS
ཆགས་ཞེན་	ཆགས་ཞེན་	NO_POS
དང་	དང་	NO_POS
བཅས་པ་	བཅས་པ་	VERB
འི་	གི་	PART
བདེ་	བདེ་	VERB
ཉམས་	ཉམས་	NOUN
།		PUNCT
མཚན་	མཚན་	NOUN
འཛིན་	འཛིན་	VERB
དང་	དང་	NO_POS
བཅས་པ་	བཅས་པ་	VERB
འི་	གི་	PART
འོད་གསལ་	འོད་གསལ་	NOUN
།		PUNCT
བློ་	བློ་	NOUN
ས་	གིས་	PART
བཟུང་བ་	བཟུང་བ་	VERB
འི་	གི་	PART
མི་	མི་	PART
རྟོག་	རྟོག་	VERB
རྣམས་	རྣམས་	DET
ཏེ་	སྟེ་	PART
།		PUNCT
འདི་དག་	འདི་དག་	NO_POS
དང་པོ་	དང་པོ་	ADJ
ས་	གིས་	PART
འདོད་ཁམས་	འདོད་ཁམས་	NOUN
སུ་	ལ་	PART
གོལ་	གོལ་	NO_POS
།		PUNCT
གཉིས་པ་	གཉིས་པ་	NUM
ས་	གིས་	PART
གཟུགས་ཁམས་	གཟུགས་ཁམས་	NO_POS
སུ་	ལ་	PART
གོལ་	གོལ་	NO_POS
།		PUNCT
གསུམ་པ་	གསུམ་པ་	NUM
ས་	གིས་	PART
གཟུགས་	གཟུགས་	NOUN
མེད་	མེད་	VERB
ཁམས་	ཁམས་	NOUN
སུ་	ལ་	PART
གོལ་བ་	གོལ་བ་	VERB
འི་	གི་	PART
ཕྱི་	ཕྱི་	OTHER
ཆགས་ཞེན་	ཆགས་ཞེན་	NO_POS
ལ་སོགས་པ་	ལ་སོགས་པ་	NO_POS
འི་	གི་	PART
སྐྱོན་	སྐྱོན་	NOUN
དེ་དག་	དེ་དག་	OTHER
ནི་	ནི་	NO_POS
རྣམ་པ་	རྣམ་པ་	NOUN
ཀུན་	ཀུན་	DET
ཏུ་	ལ་	PART
སྤངས་པ་	སྤངས་པ་	VERB
ར་	ལ་	PART
བྱ་	བྱ་	VERB
ཞིང་	ཅིང་	PART
ཁྱད་པར་	ཁྱད་པར་	NOUN
ཉམས་	ཉམས་	NOUN
མ་	མ་	PART
སྐྱེས་པ་	སྐྱེས་པ་	VERB
ལ་	ལ་	PART
སྐྱེ་བ་	སྐྱེ་བ་	VERB
འི་	གི་	PART
ཕྱི་	ཕྱི་	OTHER
རྩོལ་བ་	རྩོལ་བ་	VERB
ར་	ལ་	PART
བྱེད་པ་	བྱེད་པ་	VERB
དང་	དང་	NO_POS
།		PUNCT
སྐྱེས་པ་	སྐྱེས་པ་	VERB
ལ་	ལ་	PART
ཆེད་	ཆེད་	NOUN
དུ་	ལ་	PART
འཛིན་པ་	འཛིན་པ་	VERB
གཉིས་ཀ་	གཉིས་ཀ་	OTHER
འང་	ཀྱང་	PART
སྐྱོན་	སྐྱོན་	NOUN
ཡིན་པ་	ཡིན་པ་	AUX
ར་	ལ་	PART
མཚུངས་	མཚུངས་	VERB
ཏེ་	སྟེ་	PART
སྔ་མ་	སྔ་མ་	ADJ
ས་	གིས་	PART
ཉམས་མྱོང་	ཉམས་མྱོང་	NOUN
སྐྱེ་བ་	སྐྱེ་བ་	VERB
འི་	གི་	PART
གེགས་བྱེད་	གེགས་བྱེད་	NO_POS
ཅིང་	ཅིང་	PART
ཕྱི་མ་	ཕྱི་མ་	ADJ
ས་	གིས་	PART
སྐྱེས་པ་	སྐྱེས་པ་	VERB
རྒྱུན་	རྒྱུན་	NOUN
ཆད་པ་	ཆད་པ་	VERB
ར་	ལ་	PART
འགྱུར་བ་	འགྱུར་བ་	VERB
འི་	གི་	PART
ཕྱི་	ཕྱི་	OTHER
རྣམ་པ་	རྣམ་པ་	NOUN
ཀུན་	ཀུན་	DET
ཏུ་རེ་	ཏུ་རེ་	NO_POS
དྭོགས་		NON_WORD
མཚན་	མཚན་	NOUN
འཛིན་	འཛིན་	VERB
རྩོལ་སྒྲུབ་	རྩོལ་སྒྲུབ་	NO_POS
རྣམས་	རྣམས་	DET
ཀྱི་	གི་	PART
རྟོག་པ་	རྟོག་པ་	VERB
སྤང་བ་	སྤང་བ་	VERB
ཉིད་	ཉིད་	DET
གནད་	གནད་	NOUN
ཆེ་	ཆེ་	VERB
འོ་	གོ་	PART
། །		PUNCT
ཞེ་	ཅེས་	PART
གདམས་པ་	གདམས་པ་	VERB
འི་	གི་	PART
ཕྱི་	ཕྱི་	OTHER
སྨོན་ལམ་	སྨོན་ལམ་	NOUN
མཛད་པ་	མཛད་པ་	VERB
འོ་	གོ་	PART
། །		PUNCT
ཇི་སྐད་	ཇི་སྐད་	NO_POS
དུའང་		NON_WORD
།		PUNCT
བདེ་	བདེ་	VERB
གསལ་	གསལ་	VERB
མི་	མི་	PART
རྟོག་	རྟོག་	VERB
རྣམ་	རྣམ་	NOUN
གསུམ་	གསུམ་	NUM
ལ་	ལ་	PART
། །		PUNCT
ཞེན་	ཞེན་	VERB
ན་	ལ་	PART
ཁམས་	ཁམས་	NOUN
གསུམ་	གསུམ་	NUM
འཁོར་བ་	འཁོར་བ་	NOUN
ར་	ལ་	PART
འཁོར་	འཁོར་	NOUN
། །		PUNCT
ཞེ་	ཅེས་	PART
གསུངས་པ་	གསུངས་པ་	VERB
ལྟ་	ལྟ་	OTHER
རོ་	རོ་	NOUN
། །		PUNCT
གཉིས་པ་	གཉིས་པ་	NUM
ནི་	ནི་	NO_POS
།		PUNCT
བཟང་	བཟང་	VERB
ཞེན་	ཞེན་	VERB
ཉམས་	ཉམས་	NOUN
ཀྱི་	གི་	PART
འཛིན་པ་	འཛིན་པ་	VERB
རང་ས་	རང་ས་	OTHER
ར་	ལ་	PART
གྲོལ་	གྲོལ་	VERB
། །		PUNCT
ངན་	ངན་	VERB
རྟོགས་	རྟོགས་	VERB
འཁྲུལ་པ་	འཁྲུལ་པ་	NO_POS
རང་བཞིན་	རང་བཞིན་	NOUN
དབྱིངས་	དབྱིངས་	NOUN
སུ་	ལ་	PART
དག་	དག་	DET
།		PUNCT
ཐ་མལ་	ཐ་མལ་	ADJ
ཤེས་པ་	ཤེས་པ་	VERB
སྤང་བླང་	སྤང་བླང་	NOUN
བྲལ་	བྲལ་	VERB
ཐོབ་	ཐོབ་	VERB
མེད་	མེད་	VERB
། །		PUNCT
སྤྲོས་བྲལ་	སྤྲོས་བྲལ་	ADJ
ཆོས་ཉིད་	ཆོས་ཉིད་	NOUN
བདེན་པ་	བདེན་པ་	VERB
རྟོགས་པ་	རྟོགས་པ་	VERB
ར་	ལ་	PART
ཤོག་	ཤོག་	VERB
།		PUNCT
ཅེས་པ་	ཅེས་པ་	PART
ས་	གིས་	PART
བསྟན་	བསྟན་	VERB
ཏེ་	སྟེ་	PART
།		PUNCT
བཤད་	བཤད་	VERB
མ་	མ་	PART
ཐག་པ་	ཐག་པ་	NOUN
ལྟ་	ལྟ་	OTHER
ཉམས་	ཉམས་	NOUN
སྐྱེས་པ་	སྐྱེས་པ་	VERB
ལ་	ལ་	PART
བཟང་	བཟང་	VERB
རློམ་	རློམ་	NO_POS
གྱི་	གི་	PART
ཤེས་པ་	ཤེས་པ་	VERB
རང་ས་	རང་ས་	OTHER
ར་	ལ་	PART
གྲོལ་	གྲོལ་	VERB
ཞིང་	ཅིང་	PART
།		PUNCT
འཁྲུལ་	འཁྲུལ་	NO_POS
ཆོ་	ཆོ་	NOUN
ཀྱི་	གི་	PART
རྗེས་སུ་	རྗེས་སུ་	OTHER
འབྲང་བ་	འབྲང་བ་	VERB
འི་	གི་	PART
རྟོག་པ་	རྟོག་པ་	VERB
ནི་	ནི་	NO_POS
།		PUNCT
གནས་ལུགས་	གནས་ལུགས་	VERB
ཀྱི་	གི་	PART
དོན་	དོན་	NOUN
མཐོང་བ་	མཐོང་བ་	VERB
ལ་	ལ་	PART
སྒྲིབ་པ་	སྒྲིབ་པ་	VERB
ར་	ལ་	PART
བྱེད་པ་	བྱེད་པ་	VERB
ས་	གིས་	PART
ངན་པ་	ངན་པ་	VERB
ར་	ལ་	PART
འཇོག་པ་	འཇོག་པ་	VERB
འི་	གི་	PART
ཕྱི་	ཕྱི་	OTHER
རྟོག་པ་	རྟོག་པ་	VERB
ངན་པ་	ངན་པ་	VERB
ཡིན་	ཡིན་	NO_POS
ལ་	ལ་	PART
དེ་	དེ་	DET
འི་	གི་	PART
ཆེད་	ཆེད་	NOUN
དུ་མ་	དུ་མ་	ADJ
སྤངས་	སྤངས་	VERB
ཀྱང་	ཀྱང་	PART
མཉམ་པ་	མཉམ་པ་	VERB
ར་	ལ་	PART
བཞག་པ་	བཞག་པ་	VERB
འི་	གི་	PART
མཐུ་	མཐུ་	NOUN
ས་	གིས་	PART
རང་བཞིན་	རང་བཞིན་	NOUN
གྱིས་	གིས་	PART
དེ་	སྟེ་	PART
ཁོ་ན་ཉིད་	ཁོ་ན་ཉིད་	NO_POS
ཀྱི་	གི་	PART
དབྱིངས་	དབྱིངས་	NOUN
སུ་	ལ་	PART
དག་པ་	དག་པ་	VERB
ས་	གིས་	PART
ཐ་མལ་	ཐ་མལ་	ADJ
གྱི་	གི་	PART
ཤེས་པ་	ཤེས་པ་	VERB
གཉུག་	གཉུག་	NO_POS
མ་	མ་	PART
འི་	གི་	PART
སེམས་	སེམས་	NOUN
དེ་ཉིད་	དེ་ཉིད་	NOUN
མངོན་དུ་	མངོན་དུ་	NO_POS
གྱུར་པ་	གྱུར་པ་	VERB
ན་	ལ་	PART
སྤང་བྱ་	སྤང་བྱ་	NOUN
སྒྲིབ་པ་	སྒྲིབ་པ་	VERB
འི་	གི་	PART
ཆོ་	ཆོ་	NOUN
གང་ཡང་	གང་ཡང་	NO_POS
སྤངས་པ་	སྤངས་པ་	VERB
མེད་པ་	མེད་པ་	VERB
འི་	གི་	PART
ཚུལ་	ཚུལ་	NOUN
ཁོང་	ཁོང་	PRON
དུ་	ལ་	PART
ཆུད་པ་	ཆུད་པ་	VERB
དང་	དང་	NO_POS
།		PUNCT
དེ་བཞིན་	དེ་བཞིན་	OTHER
དུ་	ལ་	PART
སྦྱར་	སྦྱར་	VERB
ཏེ་	སྟེ་	PART
བླང་	བླང་	NO_POS
བྱ་	བྱ་	VERB
གཉེན་པོ་	གཉེན་པོ་	NOUN
འི་	གི་	PART
ཆོ་	ཆོ་	NOUN
དང་	དང་	NO_POS
།		PUNCT
སྤང་བྱ་	སྤང་བྱ་	NOUN
སྤངས་པ་	སྤངས་པ་	VERB
ལ་	ལ་	ADP
ས་	གིས་	PART
བྱུང་བ་	བྱུང་བ་	VERB
འི་	གི་	PART
བྲལ་བ་	བྲལ་བ་	VERB
དང་	དང་	NO_POS
སྤང་བྱ་	སྤང་བྱ་	NOUN
བྱས་པ་	བྱས་པ་	VERB
ས་	གིས་	PART
ཐོབ་པ་	ཐོབ་པ་	VERB
འི་	གི་	PART
འབྲས་བུ་	འབྲས་བུ་	NOUN
དང་	དང་	NO_POS
བཅས་པ་	བཅས་པ་	VERB
སྟེ་	སྟེ་	PART
དེ་	དེ་	DET
འི་	གི་	PART
རང་བཞིན་	རང་བཞིན་	NOUN
དུ་	ལ་	PART
མེད་	མེད་	VERB
ཅིང་	ཅིང་	PART
མི་	མི་	PART
གནས་པ་	གནས་པ་	VERB
འི་	གི་	PART
ཚུལ་	ཚུལ་	NOUN
ཇི་ལྟ་བ་	ཇི་ལྟ་བ་	ADJ
བཞིན་	བཞིན་	NOUN
ཁོང་	ཁོང་	PRON
དུ་	ལ་	PART
ཆུད་	ཆུད་	VERB
དབུལཔས་		NON_WORD
།		PUNCT
སྐྱེ་འགག་	སྐྱེ་འགག་	NOUN
རྟག་ཆད་	རྟག་ཆད་	NOUN
འགྲོ་འོང་	འགྲོ་འོང་	NOUN
གཅིག་	གཅིག་	NUM
ཐ་དད་	ཐ་དད་	ADJ
སོགས་	སོགས་	DET
སྤྲོས་པ་	སྤྲོས་པ་	VERB
འི་	གི་	PART
མཐའ་	མཐའ་	NOUN
ཐམས་ཅད་	ཐམས་ཅད་	DET
དང་	དང་	NO_POS
བྲལ་བ་	བྲལ་བ་	VERB
འི་	གི་	PART
ཆོས་ཉིད་	ཆོས་ཉིད་	NOUN
ཀྱི་	གི་	PART
བདེ་བ་	བདེ་བ་	VERB
རྟོགས་པ་	རྟོགས་པ་	VERB
ཡིན་	ཡིན་	NO_POS
ནོ་	གོ་	PART
། །		PUNCT
ཞེ་	ཅེས་	PART
སྟོང་པ་	སྟོང་པ་	VERB
འི་	གི་	PART
ཕྱི་	ཕྱི་	OTHER
དེ་	སྟེ་	PART
ལ་	ལ་	PART
སྨོན་པ་	སྨོན་པ་	VERB
ར་	ལ་	PART
མཛད་པ་	མཛད་པ་	VERB
འོ་	གོ་	PART
། །		PUNCT
ཇི་སྐད་	ཇི་སྐད་	NO_POS
དུ་	ལ་	PART
འང་	ཀྱང་	PART
།		PUNCT
རྣམ་རྟོག་	རྣམ་རྟོག་	NOUN
སྤྲོས་པ་	སྤྲོས་པ་	VERB
བྲལ་	བྲལ་	VERB
ན་	ནས་	PART
སུ་	ལ་	PART
། །		PUNCT
ངོ་བོ་	ངོ་བོ་	NOUN
ལྷག་	ལྷག་	NOUN
གེར་	གེར་	NO_POS
མཐོང་བ་	མཐོང་བ་	VERB
ལ་	ལ་	PART
། །		PUNCT
ཆོས་ཉིད་	ཆོས་ཉིད་	NOUN
བདེན་པ་	བདེན་པ་	VERB
རྟོགས་པ་	རྟོགས་པ་	VERB
སྟེ་	སྟེ་	PART
། །		PUNCT
རབ་དག་	རབ་དགའ་	PROPN
འི་	གི་	PART
ས་	ས་	ADP
ལ་	ལ་	PART
གནས་པ་	གནས་པ་	VERB
ར་	ལ་	PART
ངེས་	ངེས་	VERB
། །		PUNCT
ཞེས་་	ཞེས་པ་	PART
འོ་	གོ་	PART
། །		PUNCT
གསུམ་པ་	གསུམ་པ་	NUM
སྟོང་ཉིད་	སྟོང་ཉིད་	NOUN
སྙིང་རྗེ་	སྙིང་རྗེ་	NOUN
ཟུང་འཇུག་	ཟུང་འཇུག་	NOUN
གི་	གི་	PART
ཉམས་ལེན་	ཉམས་ལེན་	NOUN
ལ་	ལ་	PART
གཉིས་	གཉིས་	NUM
།		PUNCT
སྙིང་རྗེ་	སྙིང་རྗེ་	NOUN
ངོས་བཟུང་བ་	ངོས་བཟུང་བ་	NOUN
དང་	དང་	NO_POS
།		PUNCT
དེ་	སྟེ་	PART
སྟོང་པ་ཉིད་	སྟོང་པ་ཉིད་	NOUN
ལ་	ལ་	PART
ཟུང་	ཟུང་	VERB
དུ་	ལ་	PART
འཇག་	འཇག་	NO_POS
ཚུལ་	ཚུལ་	NOUN
ལོ་	གོ་	PART
། །		PUNCT
དང་པོ་	དང་པོ་	ADJ
ནི་	ནི་	NO_POS
།		PUNCT
འགྲོ་བ་	འགྲོ་བ་	VERB
འི་	གི་	PART
རང་བཞིན་	རང་བཞིན་	NOUN
རྟག་	རྟག་	VERB
ཏུ་	ལ་	PART
སངས་རྒྱས་	སངས་རྒྱས་	NOUN
ཀྱང་	ཀྱང་	PART
། །		PUNCT
མ་	མ་	PART
རྟོགས་	རྟོགས་	VERB
དབང་	དབང་	NOUN
གིས་	གིས་	PART
མཐའ་མེད་	མཐའ་མེད་	NO_POS
འཁོར་བ་	འཁོར་བ་	NOUN
ར་	ལ་	PART
འཁྱམས་	འཁྱམས་	NO_POS
། །		PUNCT
སྡུག་བསྔལ་	སྡུག་བསྔལ་	NOUN
མུ་མཐའ་	མུ་མཐའ་	NOUN
མེད་པ་	མེད་པ་	VERB
འི་	གི་	PART
སེམས་ཅན་	སེམས་ཅན་	NOUN
ལ་	ལ་	PART
། །		PUNCT
བཟོད་	བཟོད་	VERB
མེད་	མེད་	VERB
སྙིང་རྗེ་	སྙིང་རྗེ་	NOUN
རྒྱུད་	རྒྱུད་	NOUN
ལ་	ལ་	PART
སྐྱེ་བ་	སྐྱེ་བ་	VERB
ར་	ལ་	PART
ཤོག་	ཤོག་	VERB
།		PUNCT
ཅེས་པ་	ཅེས་པ་	PART
ས་	གིས་	PART
བསྟན་	བསྟན་	VERB
ཏེ་	སྟེ་	PART
།		PUNCT
དེ་	དེ་	DET
འང་	ཀྱང་	PART
སྤྱི་		
སྙིང་རྗེ་	སྙིང་རྗེ་	NOUN
ལ་	ལ་	PART
སེམས་ཅན་	སེམས་ཅན་	NOUN
དང་	དང་	NO_POS
ཆོ་	ཆོ་	NOUN
ལ་	ལ་	PART
དམིགས་པ་	དམིགས་པ་	VERB
འི་	གི་	PART
སྙིང་རྗེ་	སྙིང་རྗེ་	NOUN
དང་	དང་	NO_POS
།		PUNCT
དམིགས་པ་	དམིགས་པ་	VERB
མེད་པ་	མེད་པ་	VERB
འི་	གི་	PART
སྙིང་རྗེ་	སྙིང་རྗེ་	NOUN
དང་	དང་	NO_POS
གསུམ་	གསུམ་	NUM
དུ་	ལ་	PART
གསུངས་པ་	གསུངས་པ་	VERB
དང་པོ་	དང་པོ་	ADJ
གཉིས་	གཉིས་	NUM
ནི་	ནི་	NO_POS
ཁྲིད་	ཁྲིད་	VERB
སྲོལ་	སྲོལ་	NOUN
འདི་	འདི་	DET
འི་	གི་	PART
སྔོན་འགྲོ་	སྔོན་འགྲོ་	NOUN
འི་	གི་	PART
སྐབས་	སྐབས་	NOUN
སུ་	ལ་	PART
ཉམས་	ཉམས་	NOUN
སུ་	ལ་	PART
ལེན་	ལེན་	VERB
བྱ་	བྱ་	VERB
ཡིན་	ཡིན་	NO_POS
ལ་	ལ་	PART
།		PUNCT
གནས་ལུགས་	གནས་ལུགས་	VERB
ཀྱི་	གི་	PART
དོན་	དོན་	NOUN
མཐོང་	མཐོང་	VERB
ན་	ནས་	PART
དམིགས་མེད་	དམིགས་མེད་	NO_POS
ཀྱི་	གི་	PART
སྙིང་རྗེ་	སྙིང་རྗེ་	NOUN
སྐྱེ་	སྐྱེ་	NOUN
ཞིང་	ཅིང་	PART
།		PUNCT
སྟོང་ཉིད་	སྟོང་ཉིད་	NOUN
སྙིང་རྗེ་	སྙིང་རྗེ་	NOUN
འི་	གི་	PART
སྙིང་པོ་	སྙིང་པོ་	NOUN
ཅན་	ཅན་	PART
།		PUNCT
ཞེ་	ཅེས་	PART
བྱ་བ་	བྱ་བ་	VERB
དེ་	སྟེ་	PART
འབྱུང་བ་	འབྱུང་བ་	VERB
ཡིན་པ་	ཡིན་པ་	AUX
ས་	གིས་	PART
།		PUNCT
འདི་	འདི་	DET
ར་	ལ་	PART
བསྟན་	བསྟན་	VERB
གྱི་	གི་	PART
སྙིང་རྗེ་	སྙིང་རྗེ་	NOUN
འང་	ཀྱང་	PART
ཕྱི་མ་	ཕྱི་མ་	ADJ
ཡིན་	ཡིན་	NO_POS
ནོ་	གོ་	PART
། །		PUNCT
འོ་ན་	འོ་ན་	NO_POS
དེ་	དེ་	DET
འི་	གི་	PART
ཚུལ་	ཚུལ་	NOUN
ཇི་ལྟ་བུ་	ཇི་ལྟ་བུ་	NO_POS
ཞེ་ན་	ཅེ་ན་	PART
།		PUNCT
གོང་	གོང་	NOUN
དུ་	ལ་	PART
ལྟ་བ་	ལྟ་བ་	VERB
འི་	གི་	PART
དོན་	དོན་	NOUN
འཆད་པ་	འཆད་པ་	VERB
འི་	གི་	PART
སྐབས་	སྐབས་	NOUN
ལ་	ལ་	PART
བཤད་པ་	བཤད་པ་	VERB
ལྟ་	ལྟ་	OTHER
།		PUNCT
འགྲོ་བ་	འགྲོ་བ་	VERB
འདི་	འདི་	DET
རྣམས་	རྣམས་	DET
ཀྱི་	གི་	PART
རང་བཞིན་	རང་བཞིན་	NOUN
ནི་	ནི་	NO_POS
དུས་	དུས་	NOUN
རྟག་	རྟག་	VERB
ཏུ་	ལ་	PART
སངས་རྒྱས་	སངས་རྒྱས་	NOUN
ཆོ་	ཆོ་	NOUN
ཀྱི་	གི་	PART
སྐུ་	སྐུ་	NOUN
འི་	གི་	PART
ངོ་བོ་	ངོ་བོ་	NOUN
ར་	ལ་	PART
བཞུགས་པ་	བཞུགས་པ་	VERB
ཡིན་	ཡིན་	NO_POS
ཀྱང་	ཀྱང་	PART
།		PUNCT
དེ་ལྟ་	དེ་ལྟ་	NO_POS
དུ་མ་	དུ་མ་	ADJ
རྟོགས་པ་	རྟོགས་པ་	VERB
ཁོ་ན་	ཁོ་ན་	DET
འི་	གི་	PART
དབང་	དབང་	NOUN
གིས་	གིས་	PART
མཐའ་མེད་པ་	མཐའ་མེད་པ་	NO_POS
འི་	གི་	PART
འཁོར་བ་	འཁོར་བ་	NOUN
ར་	ལ་	PART
འཁྱམས་	འཁྱམས་	NO_POS
ན་	ནས་	PART
སྡུག་བསྔལ་	སྡུག་བསྔལ་	NOUN
གྱི་	གི་	PART
རྒྱ་མཚོ་	རྒྱ་མཚོ་	NOUN
མུ་མེད་པ་	མུ་མེད་པ་	OTHER
འི་	གི་	PART
ནང་	ནང་	NOUN
དུ་	ལ་	PART
བྱིང་བ་	བྱིང་བ་	VERB
ར་	ལ་	PART
གྱུར་པ་	གྱུར་པ་	VERB
འི་	གི་	PART
སེམས་ཅན་	སེམས་ཅན་	NOUN
རྣམས་	རྣམས་	DET
ལ་	ལ་	PART
བཟོད་	བཟོད་	VERB
གླགས་	གླགས་	VERB
མེད་པ་	མེད་པ་	VERB
འི་	གི་	PART
སྙིང་རྗེ་	སྙིང་རྗེ་	NOUN
དྲག་པོ་	དྲག་པོ་	ADJ
རྒྱུན་	རྒྱུན་	NOUN
མི་	མི་	PART
ཆད་པ་	ཆད་པ་	VERB
ར་	ལ་	PART
རྩོལ་	རྩོལ་	NO_POS
མེད་	མེད་	VERB
དུ་	ལ་	PART
སྐྱེས་པ་	སྐྱེས་པ་	VERB
ཡིན་	ཡིན་	NO_POS
ཞིང་	ཅིང་	PART
།		PUNCT
དེ་ཡང་	དེ་ཡང་	ADV
གནས་ལུགས་	གནས་ལུགས་	VERB
ཀྱི་	གི་	PART
དོན་	དོན་	NOUN
མཐོང་བ་	མཐོང་བ་	VERB
འི་	གི་	PART
དབང་	དབང་	NOUN
གིས་	གིས་	PART
འབྱུང་	འབྱུང་	VERB
སྟེ་	སྟེ་	PART
།		PUNCT
ཇི་སྐད་	ཇི་སྐད་	NO_POS
དུ་	ལ་	PART
།		PUNCT
བྱང་ཆུབ་	བྱང་ཆུབ་	NOUN
སེམས་དཔའ་	སེམས་དཔའ་	NOUN
མཉམ་	མཉམ་	VERB
གཞག་པ་	གཞག་པ་	VERB
ས་	གིས་	PART
། །		PUNCT
གོམས་པ་	གོམས་པ་	VERB
འི་	གི་	PART
སྟོབས་	སྟོབས་	NOUN
ནི་	ནི་	NO_POS
རྫོགས་པ་	རྫོགས་པ་	VERB
ན་	ལ་	PART
། །		PUNCT
དངོས་འཛིན་	དངོས་འཛིན་	NOUN
གདོན་	གདོན་	NOUN
གྱིས་	གིས་	PART
ཟིན་པ་	ཟིན་པ་	VERB
ལ་	ལ་	PART
། །		PUNCT
ཁྱད་པར་	ཁྱད་པར་	NOUN
དུ་	ལ་	PART
ཡང་སྙིང་	ཡང་སྙིང་	NOUN
རྗེ་	རྗེ་	NO_POS
སྐྱེ་	སྐྱེ་	NOUN
། །		PUNCT
ཞེ་	ཅེས་	PART
གསུངས་པ་	གསུངས་པ་	VERB
ལྟ་	ལྟ་	OTHER
།		PUNCT
དམིགས་པ་	དམིགས་པ་	VERB
མེད་པ་	མེད་པ་	VERB
འི་	གི་	PART
སྙིང་རྗེ་	སྙིང་རྗེ་	NOUN
ཕྱིན་	ཕྱིན་	VERB
ཅི་	ཅི་	NO_POS
མ་	མ་	PART
ལོག་པ་	ལོག་པ་	VERB
རྒྱུད་	རྒྱུད་	NOUN
ལ་	ལ་	PART
སྐྱེ་བ་	སྐྱེ་བ་	VERB
ར་	ལ་	PART
ཤོག་	ཤོག་	VERB
ཅེས་པ་	ཅེས་པ་	PART
འོ་	གོ་	PART
། །		PUNCT
གཉིས་པ་	གཉིས་པ་	NUM
ནི་	ནི་	NO_POS
།		PUNCT
བཟོད་	བཟོད་	VERB
མེད་	མེད་	VERB
སྙིང་རྗེ་	སྙིང་རྗེ་	NOUN
འི་	གི་	PART
རྩལ་	རྩལ་	NOUN
ཡང་	ཀྱང་	PART
མ་	མ་	PART
འགགས་པ་	འགགས་པ་	VERB
འི་	གི་	PART
། །		PUNCT
བརྩེ་	བརྩེ་	NO_POS
དུས་	དུས་	NOUN
ངོ་བོ་	ངོ་བོ་	NOUN
སྟོང་	སྟོང་	NUM
དོན་	དོན་	NOUN
རྗེན་པ་	རྗེན་པ་	NO_POS
ར་	ལ་	PART
ཤ་	ཤ་	VERB
། །		PUNCT
ཟུང་འཇུག་	ཟུང་འཇུག་	NOUN
གོལ་ས་	གོལ་ས་	VERB
བྲལ་བ་	བྲལ་བ་	VERB
འི་	གི་	PART
ལམ་མཆོག་	ལམ་མཆོག་	OTHER
འདི་	འདི་	DET
། །		PUNCT
འབྲལ་	འབྲལ་	NO_POS
མེད་	མེད་	VERB
ཉིན་མཚན་	ཉིན་མཚན་	ADV
ཀུན་	ཀུན་	DET
ཏུ་	ལ་	PART
བསྒོམ་པ་	བསྒོམ་པ་	VERB
ར་	ལ་	PART
ཤོག་	ཤོག་	VERB
།		PUNCT
ཅེས་པ་	ཅེས་པ་	PART
སྟེ་	སྟེ་	PART
།		PUNCT
དེ་ལྟ་	དེ་ལྟ་	NO_POS
བུ་	བུ་	NOUN
འི་	གི་	PART
དམིགས་པ་	དམིགས་པ་	VERB
མེད་པ་	མེད་པ་	VERB
འི་	གི་	PART
སྙིང་རྗེ་	སྙིང་རྗེ་	NOUN
འི་	གི་	PART
རྩལ་	རྩལ་	NOUN
དེ་	དེ་	DET
འང་	ཀྱང་	PART
མ་	མ་	PART
འགགས་པ་	འགགས་པ་	VERB
ར་	ལ་	PART
འཆར་	འཆར་	NO_POS
བཞིན་པ་	བཞིན་པ་	NOUN
ན་	ནས་	PART
།		PUNCT
བརྩེ་བ་	བརྩེ་བ་	VERB
འི་	གི་	PART
དུས་	དུས་	NOUN
དེ་ཙམ་	དེ་ཙམ་	NO_POS
ཉིད་	ཉིད་	DET
ན་	ལ་	PART
སྤྲོས་པ་	སྤྲོས་པ་	VERB
དང་	དང་	NO_POS
བྲལ་བ་	བྲལ་བ་	VERB
འི་	གི་	PART
གནས་ལུགས་	གནས་ལུགས་	VERB
ཀྱི་	གི་	PART
ངོ་བོ་	ངོ་བོ་	NOUN
སྟོང་པ་ཉིད་	སྟོང་པ་ཉིད་	NOUN
ཀྱི་	གི་	PART
དོན་	དོན་	NOUN
ཡང་	ཀྱང་	PART
འོལ་སྤྱི་	འོལ་སྤྱི་	NO_POS
ཙམ་	ཙམ་	DET
མ་ཡིན་པ་	མ་ཡིན་པ་	OTHER
ར་	ལ་	PART
མངོན་སུམ་	མངོན་སུམ་	NOUN
རྗེན་པ་	རྗེན་པ་	NO_POS
ར་	ལ་	PART
ཤར་བ་	ཤར་བ་	VERB
ས་	གིས་	PART
སྟོང་པ་ཉིད་	སྟོང་པ་ཉིད་	NOUN
དང་	དང་	NO_POS
སྙིང་རྗེ་	སྙིང་རྗེ་	NOUN
རོ་	རོ་	NOUN
མཉམ་	མཉམ་	VERB
དུ་	ལ་	PART
འདྲེས་པ་	འདྲེས་པ་	VERB
འི་	གི་	PART
ཟུང་འཇུག་	ཟུང་འཇུག་	NOUN
གི་	གི་	PART
ལམ་	གམ་	PART
དེ་	སྟེ་	PART
ནི་	ནི་	NO_POS
གོལ་ས་	གོལ་ས་	VERB
དང་	དང་	NO_POS
བྲལ་བ་	བྲལ་བ་	VERB
འི་	གི་	PART
ལམ་	གམ་	PART
གྱི་	གི་	PART
མཆོག་	མཆོག་	ADJ
ཡིན་	ཡིན་	NO_POS
ནོ་	གོ་	PART
། །		PUNCT
དེ་ལྟ་	དེ་ལྟ་	NO_POS
བུ་	བུ་	NOUN
འི་	གི་	PART
དོན་འགལ་	དོན་འགལ་	NO_POS
མེད་	མེད་	VERB
ཉིན་མཚན་	ཉིན་མཚན་	ADV
ཀུན་	ཀུན་	DET
ཏུ་	ལ་	PART
སྒོམ་པ་	སྒོམ་པ་	VERB
ར་	ལ་	PART
ཤོག་	ཤོག་	VERB
ཅེས་པ་	ཅེས་པ་	PART
འོ་	གོ་	PART
། །		PUNCT
གསུམ་པ་	གསུམ་པ་	NUM
སྤྱོད་པ་	སྤྱོད་པ་	VERB
ས་	གིས་	PART
ལམ་	གམ་	PART
མཐ་	མཐའ་	NOUN
ར་	ལ་	PART
དབྱུང་	དབྱུང་	NO_POS
ཚུལ་	ཚུལ་	NOUN
ནི་	ནི་	NO_POS
།		PUNCT
ཕྱག་རྒྱ་	ཕྱག་རྒྱ་	NOUN
ཆེན་པོ་	ཆེན་པོ་	ADJ
འི་	གི་	PART
རྣལ་འབྱོར་	རྣལ་འབྱོར་	NOUN
ཉམས་	ཉམས་	NOUN
སུ་	ལ་	PART
ལེན་པ་	ལེན་པ་	VERB
ཉིད་	ཉིད་	DET
ལ་	ལ་	ADP
ས་	གིས་	PART
།		PUNCT
སྤྱོད་པ་	སྤྱོད་པ་	VERB
གཞན་	གཞན་	DET
དུ་	ལ་	PART
མེད་པ་	མེད་པ་	VERB
འི་	གི་	PART
ཕྱི་	ཕྱི་	OTHER
གོང་	གོང་	NOUN
དུ་	ལ་	PART
ཤུགས་	ཤུགས་	NOUN
ཀྱིས་	གིས་	PART
བསྟན་པ་	བསྟན་པ་	VERB
ཡིན་	ཡིན་	NO_POS
ཏེ་	སྟེ་	PART
།		PUNCT
སྤྲོས་མེད་	སྤྲོས་མེད་	NOUN
ནང་	ནང་	NOUN
གི་	གི་	PART
སྤྱོད་པ་	སྤྱོད་པ་	VERB
འམ་	གམ་	PART
ཀུན་	ཀུན་	DET
ཏུ་	ལ་	PART
བཟང་པོ་	བཟང་པོ་	ADJ
འི་	གི་	PART
སྤྱོད་པ་	སྤྱོད་པ་	VERB
ཉིད་	ཉིད་	DET
ནི་	ནི་	NO_POS
དྲན་	དྲན་	VERB
དང་	དང་	NO_POS
ཤེས་བཞིན་	ཤེས་བཞིན་	NO_POS
བག་	བག་	NOUN
ཡོད་	ཡོད་	VERB
གསུམ་	གསུམ་	NUM
ལ་	ལ་	PART
གནས་པ་	གནས་པ་	VERB
འོ་	གོ་	PART
། །		PUNCT
བཞི་པ་	བཞི་པ་	ADJ
ལམ་	གམ་	PART
མཐ་	མཐའ་	NOUN
ར་	ལ་	PART
ཕྱིན་པ་	ཕྱིན་པ་	VERB
འི་	གི་	PART
འབྲས་བུ་	འབྲས་བུ་	NOUN
ལ་	ལ་	PART
སྨོན་པ་	སྨོན་པ་	VERB
དང་	དང་	NO_POS
།		PUNCT
རྩ་བ་	རྩ་བ་	NOUN
འི་	གི་	PART
ས་བཅད་	ས་བཅད་	NOUN
ལྔ་པ་	ལྔ་པ་	NUM
ལམ་	གམ་	PART
དེ་	སྟེ་	PART
མཐ་	མཐའ་	NOUN
ར་	ལ་	PART
ཕྱིན་པ་	ཕྱིན་པ་	VERB
འི་	གི་	PART
འབྲས་བུ་	འབྲས་བུ་	NOUN
ལ་	ལ་	PART
སྨོན་པ་	སྨོན་པ་	VERB
ཕྱོགས་	ཕྱོགས་	NOUN
གཅིག་	གཅིག་	NUM
ཏུ་	ལ་	PART
བསྟན་པ་	བསྟན་པ་	VERB
ནི་	ནི་	NO_POS
།		PUNCT
སྒོམ་	སྒོམ་	VERB
སྟོབས་	སྟོབས་	NOUN
ལ་	ལ་	ADP
ས་	གིས་	PART
བྱུང་	བྱུང་	VERB
སྤྱན་	སྤྱན་	NOUN
དང་	དང་	NO_POS
མངོན་ཤེས་	མངོན་ཤེས་	NOUN
དང་	དང་	NO_POS
། །		PUNCT
སེམས་ཅན་	སེམས་ཅན་	NOUN
སྨིན་	སྨིན་	VERB
བྱ་	བྱ་	VERB
སངས་རྒྱས་	སངས་རྒྱས་	NOUN
ཞིང་	ཅིང་	PART
རབ་	རབ་	ADV
སྦྱངས་	སྦྱངས་	VERB
། །		PUNCT
སངས་རྒྱས་	སངས་རྒྱས་	NOUN
ཆོ་	ཆོ་	NOUN
རྣམས་	རྣམས་	DET
འགྲུབ་པ་	འགྲུབ་པ་	VERB
འི་	གི་	PART
སྨོན་ལམ་	སྨོན་ལམ་	NOUN
རྫོགས་	རྫོགས་	VERB
། །		PUNCT
རྫོགས་	རྫོགས་	VERB
སྨིན་	སྨིན་	VERB
སྦྱངས་	སྦྱངས་	VERB
གསུམ་	གསུམ་	NUM
མཐ་	མཐའ་	NOUN
ར་	ལ་	PART
ཕྱིན་	ཕྱིན་	VERB
སངས་རྒྱས་	སངས་རྒྱས་	NOUN
ཤོག་	ཤོག་	VERB
།		PUNCT
ཅེས་པ་	ཅེས་པ་	PART
སྟེ་	སྟེ་	PART
།		PUNCT
འདི་	འདི་	DET
ལ་	ལ་	PART
གཉིས་	གཉིས་	NUM
།		PUNCT
དངོ་	དངོ་	NOUN
དང་	དང་	NO_POS
ཞར་བྱུང་	ཞར་བྱུང་	OTHER
ལམ་	གམ་	PART
གྱི་	གི་	PART
རིམ་པ་	རིམ་པ་	NOUN
ཅུང་ཟད་	ཅུང་ཟད་	ADV
བཤད་པ་	བཤད་པ་	VERB
འོ་	གོ་	PART
། །		PUNCT
དང་པོ་	དང་པོ་	ADJ
ལ་	ལ་	PART
གཉིས་	གཉིས་	NUM
།		PUNCT
སྤྱན་	སྤྱན་	NOUN
དང་	དང་	NO_POS
མངོན་ཤེས་	མངོན་ཤེས་	NOUN
བཤད་པ་	བཤད་པ་	VERB
དང་	དང་	NO_POS
།		PUNCT
རྫོགས་	རྫོགས་	VERB
སྨིན་	སྨིན་	VERB
སྦྱངས་	སྦྱངས་	VERB
གསུམ་	གསུམ་	NUM
བཤད་པ་	བཤད་པ་	VERB
འོ་	གོ་	PART
། །		PUNCT
དང་པོ་	དང་པོ་	ADJ
ནི་	ནི་	NO_POS
།		PUNCT
དེ་ལྟ་	དེ་ལྟ་	NO_POS
གདམས་ངག་	གདམས་ངག་	NOUN
ཕྱིན་	ཕྱིན་	VERB
ཅི་	ཅི་	NO_POS
མ་	མ་	PART
ལོག་པ་	ལོག་པ་	VERB
ར་	ལ་	PART
ཉམས་	ཉམས་	NOUN
སུ་	ལ་	PART
བླངས་པ་	བླངས་པ་	VERB
ས་	གིས་	PART
སྒོམ་པ་	སྒོམ་པ་	VERB
འི་	གི་	PART
སྟོབས་	སྟོབས་	NOUN
ཀྱིས་	གིས་	PART
ཐོབ་པ་	ཐོབ་པ་	VERB
འི་	གི་	PART
འབྲས་བུ་	འབྲས་བུ་	NOUN
མཐར་ཐུག་པ་	མཐར་ཐུག་པ་	NOUN
ནི་	ནི་	NO_POS
ཆོ་	ཆོ་	NOUN
ཐམས་ཅད་	ཐམས་ཅད་	DET
མངོན་པ་	མངོན་པ་	OTHER
རྫོགས་པ་	རྫོགས་པ་	VERB
ར་	ལ་	PART
བྱང་ཆུབ་པ་	བྱང་ཆུབ་པ་	NOUN
བླ་	བླ་	NOUN
ན་	ལ་	PART
མེད་པ་	མེད་པ་	VERB
འི་	གི་	PART
སངས་རྒྱས་	སངས་རྒྱས་	NOUN
ཡིན་	ཡིན་	NO_POS
ལ་	ལ་	PART
།		PUNCT
དེ་	དེ་	DET
འང་	ཀྱང་	PART
སྤྱན་	སྤྱན་	NOUN
དང་	དང་	NO_POS
མངོན་ཤེས་	མངོན་ཤེས་	NOUN
སོགས་	སོགས་	DET
ཤིན་ཏུ་	ཤིན་ཏུ་	NO_POS
ཡོངས་སུ་	ཡོངས་སུ་	NO_POS
དག་པ་	དག་པ་	VERB
འི་	གི་	PART
ཡོན་ཏན་	ཡོན་ཏན་	NOUN
ལྡན་	ལྡན་	VERB
ཞིང་	ཅིང་	PART
རྫོགས་	རྫོགས་	VERB
སྨིན་	སྨིན་	VERB
སྦྱངས་	སྦྱངས་	VERB
གསུམ་	གསུམ་	NUM
མཐ་	མཐའ་	NOUN
ར་	ལ་	PART
ཕྱིན་པ་	ཕྱིན་པ་	VERB
ཡིན་པ་	ཡིན་པ་	AUX
དང་	དང་	NO_POS
།		PUNCT
ལམ་	གམ་	PART
དུས་	དུས་	NOUN
སུ་	ལ་	PART
ཐོག་མ་	ཐོག་མ་	NOUN
ར་	ལ་	PART
མངོན་ཤེས་	མངོན་ཤེས་	NOUN
སོགས་	སོགས་	DET
བསྐྱེད་	བསྐྱེད་	VERB
ན་	ནས་	PART
རིམ་གྱིས་	རིམ་གྱིས་	NO_POS
རྫོགས་	རྫོགས་	VERB
སྨིན་	སྨིན་	VERB
སྦྱངས་	སྦྱངས་	VERB
གསུམ་	གསུམ་	NUM
མཐ་	མཐའ་	NOUN
ར་	ལ་	PART
དབྱུང་	དབྱུང་	NO_POS
དགོས་པ་	དགོས་པ་	VERB
ས་	གིས་	PART
ན་	ལ་	PART
།		PUNCT
འབྲས་བུ་	འབྲས་བུ་	NOUN
ནི་	ནི་	NO_POS
ཐོག་མ་	ཐོག་མ་	NOUN
ར་	ལ་	PART
སྤྱན་	སྤྱན་	NOUN
དང་	དང་	NO_POS
མངོན་ཤེས་	མངོན་ཤེས་	NOUN
ཉིད་	ཉིད་	DET
འཇོག་	འཇོག་	VERB
སྟེ་	སྟེ་	PART
།		PUNCT
སྤྱན་	སྤྱན་	NOUN
ལྔ་	ལྔ་	NUM
ནི་	ནི་	NO_POS
།		PUNCT
སྟོང་གསུམ་	སྟོང་གསུམ་	OTHER
གྱི་	གི་	PART
གཟུགས་	གཟུགས་	NOUN
ཕྲ་རགས་	ཕྲ་རགས་	NOUN
ཐམས་ཅད་	ཐམས་ཅད་	DET
མཐོང་བ་	མཐོང་བ་	VERB
ཤ་	ཤ་	NOUN
འི་	གི་	PART
སྤྱན་	སྤྱན་	NOUN
།		PUNCT
སེམས་ཅན་	སེམས་ཅན་	NOUN
གྱི་	གི་	PART
སྐྱེ་བ་	སྐྱེ་བ་	VERB
དང་	དང་	NO_POS
འཆི་བ་	འཆི་བ་	VERB
ཤེས་པ་	ཤེས་པ་	VERB
ལྷ་	ལྷ་	NOUN
འི་	གི་	PART
སྤྱན་	སྤྱན་	NOUN
།		PUNCT
ཆོ་	ཆོ་	NOUN
ཐམས་ཅད་	ཐམས་ཅད་	DET
བདག་མེད་པ་	བདག་མེད་པ་	ADJ
ར་	ལ་	PART
རྟོགས་པ་	རྟོགས་པ་	VERB
ཤེས་རབ་	ཤེས་རབ་	NOUN
ཀྱི་	གི་	PART
སྤྱན་	སྤྱན་	NOUN
ནོ་	གོ་	PART
། །		PUNCT
འཕགས་པ་	འཕགས་པ་	VERB
དག་	དག་	DET
གི་	གི་	PART
དབང་པོ་	དབང་པོ་	NOUN
རྣོ་རྟུལ་	རྣོ་རྟུལ་	NO_POS
དང་	དང་	NO_POS
གསུང་རབ་	གསུང་རབ་	NOUN
ཡན་ལག་	ཡན་ལག་	NOUN
བཅུ་གཉིས་	བཅུ་གཉིས་	NO_POS
ཀྱི་	གི་	PART
ཚིག་དོན་	ཚིག་དོན་	NOUN
རྣམས་	རྣམས་	DET
ཐོགས་མེད་	ཐོགས་མེད་	PROPN
དུ་	ལ་	PART
ཤེས་པ་	ཤེས་པ་	VERB
ཆོ་	ཆོ་	NOUN
ཀྱི་	གི་	PART
སྤྱན་	སྤྱན་	NOUN
ནོ་	གོ་	PART
། །		PUNCT
ཇི་ལྟ་	ཇི་ལྟ་	ADJ
ཇི་སྙེད་	ཇི་སྙེད་	OTHER
ཀྱི་	གི་	PART
ཆོ་	ཆོ་	NOUN
མཐའ་དག་	མཐའ་དག་	DET
རྟོགས་པ་	རྟོགས་པ་	VERB
སངས་རྒྱས་	སངས་རྒྱས་	NOUN
ཀྱི་	གི་	PART
སྤྱན་	སྤྱན་	NOUN
ནོ་	གོ་	PART
། །		PUNCT
མངོན་ཤེས་	མངོན་ཤེས་	NOUN
དྲུག་	དྲུག་	NUM
ནི་	ནི་	NO_POS
།		PUNCT
གཅིག་	གཅིག་	NUM
ལ་	ལ་	ADP
ས་	གིས་	PART
དུ་མ་	དུ་མ་	ADJ
དང་	དང་	NO_POS
དུ་མ་	དུ་མ་	ADJ
ལ་	ལ་	ADP
ས་	གིས་	PART
མང་པོ་	མང་པོ་	ADJ
ར་	ལ་	PART
བསྒྱུར་བ་	བསྒྱུར་བ་	VERB
སོགས་	སོགས་	DET
རྫུ་འཕྲུལ་	རྫུ་འཕྲུལ་	NOUN
དུ་མ་	དུ་མ་	ADJ
ལ་	ལ་	PART
དབང་བ་	དབང་བ་	VERB
རྫུ་འཕྲུལ་	རྫུ་འཕྲུལ་	NOUN
གྱི་	གི་	PART
མངོན་ཤེས་	མངོན་ཤེས་	NOUN
།		PUNCT
སེམས་ཅན་	སེམས་ཅན་	NOUN
ཐམས་ཅད་	ཐམས་ཅད་	DET
ཀྱི་	གི་	PART
འཆི་	འཆི་	VERB
འཕོ་	འཕོ་	VERB
དང་	དང་	NO_POS
སྐྱེ་བ་	སྐྱེ་བ་	VERB
ཤེས་པ་	ཤེས་པ་	VERB
ལྷ་	ལྷ་	NOUN
འི་	གི་	PART
མིག་	མིག་	NOUN
གི་	གི་	PART
མངོན་ཤེས་	མངོན་ཤེས་	NOUN
།		PUNCT
སྟོང་གསུམ་	སྟོང་གསུམ་	OTHER
གྱི་	གི་	PART
སྒྲ་	སྒྲ་	NOUN
ཆེ་ཆུང་	ཆེ་ཆུང་	ADJ
ཐམས་ཅད་	ཐམས་ཅད་	DET
ཤེས་པ་	ཤེས་པ་	VERB
ལྷ་	ལྷ་	NOUN
འི་	གི་	PART
རྣ་བ་	རྣ་བ་	NOUN
འི་	གི་	PART
མངོན་ཤེས་	མངོན་ཤེས་	NOUN
།		PUNCT
རང་	རང་	PRON
དང་	དང་	NO_POS
གཞན་	གཞན་	DET
གྱི་	གི་	PART
སྐྱེ་བ་	སྐྱེ་བ་	VERB
སྔོན་མ་	སྔོན་མ་	ADV
སོགས་	སོགས་	DET
དུ་མ་	དུ་མ་	ADJ
ཤེས་པ་	ཤེས་པ་	VERB
སྔོན་	སྔོན་	ADV
གནས་	གནས་	NOUN
རྗེས་དྲན་	རྗེས་དྲན་	OTHER
གྱི་	གི་	PART
མངོན་ཤེས་	མངོན་ཤེས་	NOUN
།		PUNCT
སེམས་ཅན་	སེམས་ཅན་	NOUN
གཞན་	གཞན་	DET
གྱི་	གི་	PART
སེམས་	སེམས་	NOUN
ཀྱི་	གི་	PART
བསམ་པ་	བསམ་པ་	VERB
ཐམས་ཅད་	ཐམས་ཅད་	DET
ཤེས་པ་	ཤེས་པ་	VERB
གཞན་སེམས་	གཞན་སེམས་	OTHER
ཤེས་པ་	ཤེས་པ་	VERB
འི་	གི་	PART
མངོན་ཤེས་	མངོན་ཤེས་	NOUN
།		PUNCT
རང་གཞན་	རང་གཞན་	NOUN
གྱི་	གི་	PART
རྒྱུད་	རྒྱུད་	NOUN
ཀྱི་	གི་	PART
ལ་	ལ་	ADP
ས་	གིས་	PART
ཉོན་	ཉོན་	VERB
ཟད་པ་		
ཤེས་པ་	ཤེས་པ་	VERB
ཟག་ཟད་	ཟག་ཟད་	NOUN
ཀྱི་	གི་	PART
མངོན་ཤེས་	མངོན་ཤེས་	NOUN
དང་	དང་	NO_POS
དྲུག་	དྲུག་	NUM
གོ་	གོ་	PART
།		PUNCT
སྤྱན་	སྤྱན་	NOUN
དང་	དང་	NO_POS
མངོན་ཤེས་	མངོན་ཤེས་	NOUN
གཉིས་	གཉིས་	NUM
ཀྱི་	གི་	PART
ཁྱད་པར་	ཁྱད་པར་	NOUN
ནི་	ནི་	NO_POS
།		PUNCT
སྤྱན་	སྤྱན་	NOUN
ནི་ལ་	ནི་ལ་	NO_POS
ས་	གིས་	PART
དགེ་བ་	དགེ་བ་	VERB
འི་	གི་	PART
རྣམ་སྨིན་	རྣམ་སྨིན་	NOUN
ལ་	ལ་	ADP
ས་	གིས་	PART
བྱུང་བ་	བྱུང་བ་	VERB
ཡིན་	ཡིན་	NO_POS
ལ་	ལ་	PART
།		PUNCT
མངོན་ཤེས་	མངོན་ཤེས་	NOUN
ནི་	ནི་	NO_POS
བསམ་གཏན་	བསམ་གཏན་	NOUN
གྲུབ་པ་	གྲུབ་པ་	VERB
འི་	གི་	PART
ཏིང་ངེ་འཛིན་	ཏིང་ངེ་འཛིན་	NOUN
གྱིས་	གིས་	PART
ཐོབ་པ་	ཐོབ་པ་	VERB
ཡིན་	ཡིན་	NO_POS
ནོ་	གོ་	PART
། །		PUNCT
གཉིས་པ་	གཉིས་པ་	NUM
རྫོགས་	རྫོགས་	VERB
སྨིན་	སྨིན་	VERB
སྦྱངས་	སྦྱངས་	VERB
གསུམ་	གསུམ་	NUM
བཤད་པ་	བཤད་པ་	VERB
ནི་	ནི་	NO_POS
།		PUNCT
དེ་ལྟ་	དེ་ལྟ་	NO_POS
བྱང་ཆུབ་	བྱང་ཆུབ་	NOUN
སེམས་དཔའ་	སེམས་དཔའ་	NOUN
རྣམས་	རྣམས་	DET
ཀྱིས་	གིས་	PART
ལྷག་པ་	ལྷག་པ་	VERB
འི་	གི་	PART
བསམ་པ་	བསམ་པ་	VERB
དང་	དང་	NO_POS
སྨོན་ལམ་	སྨོན་ལམ་	NOUN
སྤྱོད་པ་	སྤྱོད་པ་	VERB
རྒྱ་ཆེན་པོ་	རྒྱ་ཆེན་པོ་	ADJ
ལ་	ལ་	PART
གནས་	གནས་	NOUN
ན་	ནས་	PART
སྤྱན་	སྤྱན་	NOUN
དང་	དང་	NO_POS
།		PUNCT
མངོན་པ་	མངོན་པ་	OTHER
ཤེ་	ཤེ་	VERB
ལ་སོགས་པ་	ལ་སོགས་པ་	NO_POS
འི་	གི་	PART
མཐུ་ཆེན་པོ་	མཐུ་ཆེན་པོ་	PROPN
དང་	དང་	NO_POS
།		PUNCT
ཐབས་	ཐབས་	NOUN
དཔག་	དཔག་	VERB
ཏུ་	ལ་	PART
མེད་པ་	མེད་པ་	VERB
སེམས་ཅན་	སེམས་ཅན་	NOUN
མཐའ་དག་	མཐའ་དག་	DET
སྨིན་པ་	སྨིན་པ་	VERB
ར་	ལ་	PART
མཛད་པ་	མཛད་པ་	VERB
དང་	དང་	NO_POS
།		PUNCT
སངས་རྒྱས་	སངས་རྒྱས་	NOUN
ཀྱི་	གི་	PART
ཞིང་	ཅིང་	PART
ཡོངས་སུ་	ཡོངས་སུ་	NO_POS
སྦྱོང་བ་	སྦྱོང་བ་	VERB
དང་	དང་	NO_POS
།		PUNCT
བདེ་བ་	བདེ་བ་	VERB
ར་	ལ་	PART
གཤེགས་པ་	གཤེགས་པ་	VERB
འི་	གི་	PART
ཡོན་ཏན་	ཡོན་ཏན་	NOUN
གྱི་	གི་	PART
ཆོ་	ཆོ་	NOUN
མཐའ་དག་	མཐའ་དག་	DET
ཡོངས་སུ་	ཡོངས་སུ་	NO_POS
རྫོགས་པ་	རྫོགས་པ་	VERB
འི་	གི་	PART
སྨོན་ལམ་	སྨོན་ལམ་	NOUN
མཐ་	མཐའ་	NOUN
ར་	ལ་	PART
ཕྱིན་པ་	ཕྱིན་པ་	VERB
ར་	ལ་	PART
མཛད་	མཛད་	VERB
ན་	ནས་	PART
མངོན་པ་	མངོན་པ་	OTHER
རྫོགས་པ་	རྫོགས་པ་	VERB
ཡིན་	ཡིན་	NO_POS
ནོ་	གོ་	PART
། །		PUNCT
ཞིང་	ཅིང་	PART
སྦྱོང་བ་	སྦྱོང་བ་	VERB
ནི་	ནི་	NO_POS
།		PUNCT
བཟང་པོ་	བཟང་པོ་	ADJ
སྤྱོད་པ་	སྤྱོད་པ་	VERB
འི་	གི་	PART
སྨོན་ལམ་	སྨོན་ལམ་	NOUN
ལ་	ལ་	ADP
ས་	གིས་	PART
།		PUNCT
དེ་ལྟ་	དེ་ལྟ་	NO_POS
མ་	མ་	PART
ལུས་	ལུས་	NOUN
ཕྱོགས་	ཕྱོགས་	NOUN
རྣམས་	རྣམས་	DET
ཐམས་ཅད་	ཐམས་ཅད་	DET
དུ་	ལ་	PART
།		PUNCT
རྒྱལ་བ་	རྒྱལ་བ་	NOUN
རྣམས་	རྣམས་	DET
ཀྱིས་	གིས་	PART
ཞིང་	ཅིང་	PART
གི་	གི་	PART
བཀོད་	བཀོད་	VERB
ལ་	ལ་	PART
འཇུག་	འཇུག་	VERB
།		PUNCT
ཅེས་	ཅེས་	PART
དང་	དང་	NO_POS
།		PUNCT
རྡུལ་	རྡུལ་	NOUN
གཅིག་	གཅིག་	NUM
སྟེང་	སྟེང་	NOUN
ན་	ལ་	PART
རྡུལ་	རྡུལ་	NOUN
སྙེད་	སྙེད་	DET
ཞིང་	ཅིང་	PART
རྣམས་	རྣམས་	DET
ཏེ་	སྟེ་	PART
། །		PUNCT
ཞེ་	ཅེས་	PART
དང་	དང་	NO_POS
།		PUNCT
ཞིང་	ཅིང་	PART
རྣམས་	རྣམས་	DET
རྒྱ་མཚོ་	རྒྱ་མཚོ་	NOUN
རྣམ་པ་	རྣམ་པ་	NOUN
ར་	ལ་	PART
དག་བྱེད་	དག་བྱེད་	OTHER
ཅིང་	ཅིང་	PART
།		PUNCT
ཞེ་	ཅེས་	PART
སོགས་	སོགས་	DET
གསུངས་པ་	གསུངས་པ་	VERB
ལྟ་	ལྟ་	OTHER
རོ་	རོ་	NOUN
། །		PUNCT
སངས་རྒྱས་	སངས་རྒྱས་	NOUN
ཀྱི་	གི་	PART
ཆོ་	ཆོ་	NOUN
རྣམས་	རྣམས་	DET
འགྲུབ་པ་	འགྲུབ་པ་	VERB
འི་	གི་	PART
སྨོན་ལམ་	སྨོན་ལམ་	NOUN
རྫོགས་པ་	རྫོགས་པ་	VERB
ནི་	ནི་	NO_POS
།		PUNCT
མདོ་	མདོ་	NOUN
རྒྱུད་	རྒྱུད་	NOUN
བསྟན་བཅོས་	བསྟན་བཅོས་	NOUN
ཐམས་ཅད་	ཐམས་ཅད་	DET
ན་	ནས་	PART
གསུངས་པ་	གསུངས་པ་	VERB
འི་	གི་	PART
སྨོན་ལམ་	སྨོན་ལམ་	NOUN
གྲངས་མེད་པ་	གྲངས་མེད་པ་	NOUN
ཁྲག་ཁྲིག་	ཁྲག་ཁྲིག་	NUM
བརྒྱ་	བརྒྱ་	NUM
སྟོང་	སྟོང་	NUM
གི་	གི་	PART
འཁོར་	འཁོར་	NOUN
དང་	དང་	NO_POS
བཅས་པ་	བཅས་པ་	VERB
ཡོངས་སུ་	ཡོངས་སུ་	NO_POS
གྲུབ་པ་	གྲུབ་པ་	VERB
ན་	ལ་	PART
སངས་རྒྱས་	སངས་རྒྱས་	NOUN
ཀྱི་	གི་	PART
ཆོ་	ཆོ་	NOUN
རྣམས་	རྣམས་	DET
ཡོངས་སུ་	ཡོངས་སུ་	NO_POS
རྫོགས་པ་	རྫོགས་པ་	VERB
ར་	ལ་	PART
ཡིན་	ཡིན་	NO_POS
ནོ་	གོ་	PART
། །		PUNCT
སངས་རྒྱས་	སངས་རྒྱས་	NOUN
ཀྱི་	གི་	PART
སྒྲ་དོན་	སྒྲ་དོན་	NOUN
ནི་	ནི་	NO_POS
བུདྷ་		NON_WORD
ཞེས་་	ཞེས་པ་	PART
འི་	གི་	PART
སྒྲ་	སྒྲ་	NOUN
སངས་པ་	སངས་པ་	VERB
འམ་	གམ་	PART
རྒྱས་པ་	རྒྱས་པ་	VERB
ལ་	ལ་	PART
འཇུག་པ་	འཇུག་པ་	VERB
ས་	གིས་	PART
།		PUNCT
ཇི་སྐད་	ཇི་སྐད་	NO_POS
དུ་	ལ་	PART
།		PUNCT
མ་རིག་	མ་རིག་	NOUN
གཉིད་	གཉིད་	NOUN
ལ་	ལ་	ADP
ས་	གིས་	PART
སངས་	སངས་	VERB
ཕྱི་	ཕྱི་	OTHER
དང་	དང་	NO_POS
། །		PUNCT
ཤེས་བྱ་	ཤེས་བྱ་	VERB
ལ་	ལ་	PART
ཡང་	ཀྱང་	PART
བློ་རྒྱ་	བློ་རྒྱ་	NOUN
ས་	གིས་	PART
ཕྱི་	ཕྱི་	OTHER
། །		PUNCT
སངས་རྒྱས་	སངས་རྒྱས་	NOUN
པདྨ་	པདྨ་	NOUN
ལྟ་	ལྟ་	OTHER
སངས་རྒྱས་	སངས་རྒྱས་	NOUN
། །		PUNCT
ཞེ་	ཅེས་	PART
གསུངས་པ་	གསུངས་པ་	VERB
ལྟ་	ལྟ་	OTHER
རོ་	རོ་	NOUN
། །		PUNCT
དེ་ལྟ་	དེ་ལྟ་	NO_POS
བྱང་ཆུབ་	བྱང་ཆུབ་	NOUN
སེམས་དཔའ་	སེམས་དཔའ་	NOUN
རྣམས་	རྣམས་	DET
སྦྱང་	སྦྱང་	VERB
སྨིན་	སྨིན་	VERB
མཐ་	མཐའ་	NOUN
ར་	ལ་	PART
ཕྱིན་	ཕྱིན་	VERB
ན་	ནས་	PART
གདོད་	གདོད་	NO_POS
ན་	ནས་	PART
སྨོན་ལམ་	སྨོན་ལམ་	NOUN
ཐམས་ཅད་	ཐམས་ཅད་	DET
རྫོགས་	རྫོགས་	VERB
ཏེ་	སྟེ་	PART
སངས་རྒྱས་པ་	སངས་རྒྱས་པ་	NOUN
ཡིན་	ཡིན་	NO_POS
ལ་	ལ་	PART
།		PUNCT
སྔགས་	སྔགས་	NOUN
སུ་	ལ་	PART
མི་ཚེ་	མི་ཚེ་	NOUN
གཅིག་	གཅིག་	NUM
གིས་	གིས་	PART
སངས་རྒྱས་	སངས་རྒྱས་	NOUN
ཀྱི་	གི་	PART
གོ་འཕང་	གོ་འཕང་	NOUN
ཉིད་	ཉིད་	DET
མངོན་དུ་	མངོན་དུ་	NO_POS
བྱེད་པ་	བྱེད་པ་	VERB
འི་	གི་	PART
ཚེ་	ཚེ་	NOUN
ན་	ན་	ADP
འང་	ཀྱང་	PART
ཐབས་མཁས་པ་	ཐབས་མཁས་པ་	NO_POS
དང་	དང་	NO_POS
ཏིང་ངེ་འཛིན་	ཏིང་ངེ་འཛིན་	NOUN
གྱི་	གི་	PART
ཁྱད་པར་	ཁྱད་པར་	NOUN
གྱི་	གི་	PART
སྟོབས་	སྟོབས་	NOUN
བསམ་	བསམ་	NOUN
གྱིས་	གིས་	PART
མི་	མི་	PART
ཁྱབ་པ་	ཁྱབ་པ་	VERB
ས་	གིས་	PART
རྫོགས་	རྫོགས་	VERB
སྨིན་	སྨིན་	VERB
སྦྱངས་	སྦྱངས་	VERB
གསུམ་	གསུམ་	NUM
མྱུར་	མྱུར་	VERB
དུ་	ལ་	PART
མཐ་	མཐའ་	NOUN
ར་	ལ་	PART
ཕྱིན་པ་	ཕྱིན་པ་	VERB
ར་	ལ་	PART
གོ་	གོ་	PART
དགོས་	དགོས་	VERB
། །		PUNCT
གཉིས་པ་	གཉིས་པ་	NUM
ཞར་བྱུང་	ཞར་བྱུང་	OTHER
ལམ་	གམ་	PART
གྱི་	གི་	PART
རིམ་པ་	རིམ་པ་	NOUN
ཅུང་ཟད་	ཅུང་ཟད་	ADV
སྨོས་པ་	སྨོས་པ་	VERB
ནི་	ནི་	NO_POS
།		PUNCT
གྲུབ་ཆེན་	གྲུབ་ཆེན་	NOUN
ནཱ་	ནཱ་	NO_POS
རོ་པ་	རོ་པ་	NOUN
ས་	གིས་	PART
།		PUNCT
ཕྱག་རྒྱ་	ཕྱག་རྒྱ་	NOUN
ཆེན་པོ་	ཆེན་པོ་	ADJ
ཚིགས་	ཚིགས་	NOUN
བསྡུ་	བསྡུ་	VERB
སུ་	ལ་	PART
གསུངས་པ་	གསུངས་པ་	VERB
ལྟ་	ལྟ་	OTHER
བརྒྱུད་པ་	བརྒྱུད་པ་	VERB
འདི་	འདི་	DET
འི་	གི་	PART
ཐུན་མོང་	ཐུན་མོང་	ADJ
མ་ཡིན་པ་	མ་ཡིན་པ་	OTHER
འི་	གི་	PART
ཆོས་སྐད་	ཆོས་སྐད་	NOUN
དུ་	ལ་	PART
མཛད་པ་	མཛད་པ་	VERB
རྣལ་འབྱོར་	རྣལ་འབྱོར་	NOUN
བཞི་	བཞི་	NUM
འི་	གི་	PART
རིམ་པ་	རིམ་པ་	NOUN
ཉིད་	ཉིད་	DET
ཀྱི་	གི་	PART
འཆད་	འཆད་	VERB
ན་	ལ་	PART
།		PUNCT
དང་པོ་	དང་པོ་	ADJ
ཞི་གནས་	ཞི་གནས་	NOUN
ཀྱི་	གི་	PART
སེམས་	སེམས་	NOUN
རྩེ་གཅིག་པ་	རྩེ་གཅིག་པ་	ADJ
ཐོབ་	ཐོབ་	VERB
ན་	ནས་	PART
གནས་པ་	གནས་པ་	VERB
ལ་	ལ་	PART
ལྷག་མཐོང་	ལྷག་མཐོང་	NOUN
ཤ་	ཤ་	VERB
ཞིང་	ཅིང་	PART
།		PUNCT
བདེ་	བདེ་	VERB
གསལ་	གསལ་	VERB
མི་	མི་	PART
རྟོག་པ་	རྟོག་པ་	VERB
འི་	གི་	PART
ཉམས་	ཉམས་	NOUN
འཁོར་ཡུག་	འཁོར་ཡུག་	OTHER
ཏུ་	ལ་	PART
འབྱུང་བ་	འབྱུང་བ་	VERB
འི་	གི་	PART
སྐབས་	སྐབས་	NOUN
རྩེ་གཅིག་	རྩེ་གཅིག་	ADJ
གི་	གི་	PART
རྣལ་འབྱོར་	རྣལ་འབྱོར་	NOUN
ཞེ་	ཅེས་	PART
བྱ་	བྱ་	VERB
།		PUNCT
གཉིས་པ་	གཉིས་པ་	NUM
སྣང་	སྣང་	VERB
སེམས་	སེམས་	NOUN
ཀྱིས་	གིས་	PART
བསྡུས་པ་	བསྡུས་པ་	VERB
འི་	གི་	PART
ཆོ་	ཆོ་	NOUN
མཐའ་དག་	མཐའ་དག་	DET
ཆོས་དབྱིངས་	ཆོས་དབྱིངས་	NOUN
བདེ་བ་	བདེ་བ་	VERB
ཆེན་པོ་	ཆེན་པོ་	ADJ
འི་	གི་	PART
རང་བཞིན་	རང་བཞིན་	NOUN
ལས་མ་	ལས་མ་	NO_POS
འདས་པ་	འདས་པ་	VERB
ར་	ལ་	PART
མཐོང་བ་	མཐོང་བ་	VERB
ས་	གིས་	PART
གཉིས་	གཉིས་	NUM
ཆོ་	ཆོ་	NOUN
ཀྱི་	གི་	PART
སྤྲོས་	སྤྲོས་	VERB
འཛིན་	འཛིན་	VERB
ཐམས་ཅད་	ཐམས་ཅད་	DET
རང་གྲོལ་	རང་གྲོལ་	NOUN
དུ་	ལ་	PART
སོང་	སོང་	VERB
།		PUNCT
སྟོང་ཉིད་	སྟོང་ཉིད་	NOUN
སྙིང་རྗེ་	སྙིང་རྗེ་	NOUN
ཟུང་འཇུག་	ཟུང་འཇུག་	NOUN
གི་	གི་	PART
ཡེ་ཤེས་	ཡེ་ཤེས་	NOUN
ལྷག་མཐོང་	ལྷག་མཐོང་	NOUN
མཚན་ཉིད་པ་	མཚན་ཉིད་པ་	NOUN
ཐོབ་པ་	ཐོབ་པ་	VERB
ས་	གིས་	PART
ཞི་ལྷག་	ཞི་ལྷག་	NO_POS
གི་	གི་	PART
རྣལ་འབྱོར་	རྣལ་འབྱོར་	NOUN
ཇི་ལྟ་བ་	ཇི་ལྟ་བ་	ADJ
ཟུང་	ཟུང་	VERB
དུ་	ལ་	PART
ཆུད་པ་	ཆུད་པ་	VERB
སྤྲོས་བྲལ་	སྤྲོས་བྲལ་	ADJ
།		PUNCT
གསུམ་པ་	གསུམ་པ་	NUM
དེ་	སྟེ་	PART
གོང་	གོང་	NOUN
ན་	ནས་	PART
གོང་	གོང་	NOUN
དུ་	ལ་	PART
སྒོམ་པ་	སྒོམ་པ་	VERB
ས་	གིས་	PART
ཆོ་	ཆོ་	NOUN
ཐམས་ཅད་	ཐམས་ཅད་	DET
རོ་	རོ་	NOUN
གཅིག་	གཅིག་	NUM
ཏུ་	ལ་	PART
རྟོགས་	རྟོགས་	VERB
ཤིང་	ཅིང་	PART
རྩོལ་	རྩོལ་	NO_POS
མེད་	མེད་	VERB
ཀྱི་	གི་	PART
ཡེ་ཤེས་	ཡེ་ཤེས་	NOUN
ནུབ་པ་	ནུབ་པ་	VERB
མེད་པ་	མེད་པ་	VERB
རོ་	རོ་	NOUN
གཅིག་	གཅིག་	NUM
།		PUNCT
བཞི་པ་	བཞི་པ་	ADJ
བསྒོམ་པ་	བསྒོམ་པ་	VERB
འི་	གི་	PART
འོད་གསལ་	འོད་གསལ་	NOUN
དང་	དང་	NO_POS
གཞི་	གཞི་	NOUN
འི་	གི་	PART
འོད་གསལ་	འོད་གསལ་	NOUN
གཅིག་	གཅིག་	NUM
ཏུ་	ལ་	PART
འདྲེས་པ་	འདྲེས་པ་	VERB
ས་	གིས་	PART
གནས་ལུགས་	གནས་ལུགས་	VERB
ཀྱི་	གི་	PART
སྒྲིབ་གཡོགས་	སྒྲིབ་གཡོགས་	NOUN
མཐའ་དག་	མཐའ་དག་	DET
གཞི་མེད་	གཞི་མེད་	ADJ
དུ་	ལ་	PART
དྭངས་	དྭངས་	NO_POS
།		PUNCT
མཉམ་རྗེས་	མཉམ་རྗེས་	NOUN
ཀྱི་	གི་	PART
ས་མཚམས་	ས་མཚམས་	NOUN
ཞིག་	ཅིག་	PART
མཐར་ཐུག་	མཐར་ཐུག་	NOUN
གི་	གི་	PART
ཡོན་ཏན་	ཡོན་ཏན་	NOUN
ཐམས་ཅད་	ཐམས་ཅད་	DET
ལྷུན་གྲུབ་	ལྷུན་གྲུབ་	OTHER
ཏུ་	ལ་	PART
བྱུང་བ་	བྱུང་བ་	VERB
སྒོམ་	སྒོམ་	VERB
མེད་	མེད་	VERB
ཀྱི་	གི་	PART
རྣལ་འབྱོར་	རྣལ་འབྱོར་	NOUN
ཞེ་	ཅེས་	PART
བྱ་	བྱ་	VERB
འོ་	གོ་	PART
། །		PUNCT
དེ་དག་	དེ་དག་	OTHER
ལ་	ལ་	ADP
འང་	ཀྱང་	PART
སོ་སོ་	སོ་སོ་	PRON
ར་	ལ་	PART
ཆུང་	ཆུང་	VERB
འབྲིང་	འབྲིང་	NOUN
ཆེན་པོ་	ཆེན་པོ་	ADJ
ར་	ལ་	PART
ཕྱེ་བ་	ཕྱེ་བ་	VERB
ས་	གིས་	PART
བཅུ་གཉིས་	བཅུ་གཉིས་	NO_POS
སུ་	ལ་	PART
འགྱུར་	འགྱུར་	VERB
ལ་	ལ་	PART
།		PUNCT
སོ་སོ་	སོ་སོ་	PRON
འི་	གི་	PART
རྣམ་དབྱེ་	རྣམ་དབྱེ་	OTHER
ཞིབ་མོ་	ཞིབ་མོ་	ADJ
དང་	དང་	NO_POS
ཡོན་ཏན་	ཡོན་ཏན་	NOUN
སྐྱེ་	སྐྱེ་	NOUN
ཚུལ་	ཚུལ་	NOUN
སོགས་	སོགས་	DET
རྒྱས་པ་	རྒྱས་པ་	VERB
གོང་མ་	གོང་མ་	ADJ
རྣམས་	རྣམས་	DET
ཀྱི་	གི་	PART
གསུང་སྒྲོས་	གསུང་སྒྲོས་	NOUN
ལ་	ལ་	ADP
ས་	གིས་	PART
འབྱུང་བ་	འབྱུང་བ་	VERB
ལྟ་	ལྟ་	OTHER
ཤེས་པ་	ཤེས་པ་	VERB
ར་	ལ་	PART
བྱོས་	བྱོས་	VERB
ཤིག་	ཅིག་	PART
།		PUNCT
དེ་དག་	དེ་དག་	OTHER
ཕར་ཕྱིན་	ཕར་ཕྱིན་	NOUN
ཐེག་པ་	ཐེག་པ་	NOUN
འི་	གི་	PART
ས་ལམ་	ས་ལམ་	OTHER
དང་	དང་	NO_POS
སྦྱར་	སྦྱར་	VERB
ན་	ལ་	PART
རྩེ་གཅིག་	རྩེ་གཅིག་	ADJ
གསུམ་	གསུམ་	NUM
ཚོགས་ལམ་	ཚོགས་ལམ་	NOUN
།		PUNCT
སྤྲོས་བྲལ་	སྤྲོས་བྲལ་	ADJ
ཆུང་	ཆུང་	VERB
འབྲིང་	འབྲིང་	NOUN
སྦྱོར་ལམ་	སྦྱོར་ལམ་	NOUN
།		PUNCT
སྤྲོས་བྲལ་	སྤྲོས་བྲལ་	ADJ
ཆེན་པོ་	ཆེན་པོ་	ADJ
མཐོང་	མཐོང་	VERB
ལ་མ་	ལ་མ་	NO_POS
།		PUNCT
རོ་	རོ་	NOUN
གཅིག་	གཅིག་	NUM
ན་	ནས་	PART
སྒོམ་	སྒོམ་	VERB
མེད་	མེད་	VERB
འབྲིང་པོ་	འབྲིང་པོ་	ADJ
འི་	གི་	PART
བ་	བ་	NOUN
སྒོམ་ལམ་	སྒོམ་ལམ་	NOUN
།		PUNCT
སྒོམ་	སྒོམ་	VERB
མེད་	མེད་	VERB
ཆེན་པོ་	ཆེན་པོ་	ADJ
སངས་རྒྱས་	སངས་རྒྱས་	NOUN
ཀྱི་	གི་	PART
ས་	ས་	ADP
ར་	ལ་	PART
བཞེད་	བཞེད་	VERB
ཅིང་	ཅིང་	PART
དོན་	དོན་	NOUN
ལ་	ལ་	ADP
འང་	ཀྱང་	PART
གནས་པ་	གནས་པ་	VERB
འོ་	གོ་	PART
། །		PUNCT
རྩ་བ་	རྩ་བ་	NOUN
འི་	གི་	PART
ས་བཅད་	ས་བཅད་	NOUN
གསུམ་པ་	གསུམ་པ་	NUM
སྨོན་ལམ་	སྨོན་ལམ་	NOUN
གྱི་	གི་	PART
མཇུག་	མཇུག་	NOUN
བསྡུ་བ་	བསྡུ་བ་	VERB
ནི་	ནི་	NO_POS
།		PUNCT
ཕྱོགས་	ཕྱོགས་	NOUN
བཅུ་	བཅུ་	NUM
འི་	གི་	PART
རྒྱལ་བ་	རྒྱལ་བ་	NOUN
སྲ་	སྲ་	NOUN
བཅའ་	བཅའ་	VERB
ཐུགས་རྗེ་	ཐུགས་རྗེ་	NOUN
དང་	དང་	NO_POS
། །		PUNCT
རྣམ་དཀར་	རྣམ་དཀར་	ADJ
དགེ་བ་	དགེ་བ་	VERB
ཇི་སྙེད་	ཇི་སྙེད་	OTHER
ཡོད་པ་	ཡོད་པ་	VERB
འི་	གི་	PART
མཐུ་	མཐུ་	NOUN
ས་	གིས་	PART
། །		PUNCT
དེ་ལྟ་	དེ་ལྟ་	NO_POS
བདག་	བདག་	PRON
དང་སེམས་	དང་སེམས་	NO_POS
ཅན་	ཅན་	PART
ཐམས་ཅད་	ཐམས་ཅད་	DET
ཀྱི་	གི་	PART
། །		PUNCT
སྨོན་ལམ་	སྨོན་ལམ་	NOUN
རྣམ་དག་	རྣམ་དག་	ADJ
ཇི་བཞིན་	ཇི་བཞིན་	OTHER
འགྲུབ་	འགྲུབ་	VERB
གྱུར་ཅིག་	གྱུར་ཅིག་	NO_POS
།		PUNCT
ཅེས་པ་	ཅེས་པ་	PART
གཞན་	གཞན་	DET
ནི་	ནི་	NO_POS
གོ་	གོ་	PART
སླ་	སླ་	VERB
ལ་	ལ་	PART
།		PUNCT
དགེ་བ་	དགེ་བ་	VERB
ཇི་སྙེད་	ཇི་སྙེད་	OTHER
ཡོད་པ་	ཡོད་པ་	VERB
ཞེས་་	ཞེས་པ་	PART
འི་	གི་	PART
སྒྲ་	སྒྲ་	NOUN
འདུས་བྱས་	འདུས་བྱས་	NOUN
དང་	དང་	NO_POS
འདུས་མ་བྱས་པ་	འདུས་མ་བྱས་པ་	NO_POS
འི་	གི་	PART
དགེ་བ་	དགེ་བ་	VERB
གཉིས་ཀ་	གཉིས་ཀ་	OTHER
བསྡུས་པ་	བསྡུས་པ་	VERB
ཡིན་	ཡིན་	NO_POS
ཅིང་	ཅིང་	PART
།		PUNCT
འགའ་ཞིག་	འགའ་ཞིག་	OTHER
གིས་	གིས་	PART
འདུས་མ་བྱས་	འདུས་མ་བྱས་	NO_POS
ཆོ་	ཆོ་	NOUN
ཀྱི་	གི་	PART
དབྱིངས་	དབྱིངས་	NOUN
དགེ་བ་	དགེ་བ་	VERB
ར་	ལ་	PART
མི་འདོད་པ་	མི་འདོད་པ་	NO_POS
ཡོད་	ཡོད་	VERB
མོད་	མོད་	VERB
ཀྱི་	གི་	PART
རང་ལུགས་	རང་ལུགས་	NOUN
འཁོར་ལོ་	འཁོར་ལོ་	NOUN
ཐ་མ་	ཐ་མ་	ADJ
འི་	གི་	PART
མདོ་	མདོ་	NOUN
རྣམས་	རྣམས་	DET
སུ་	ལ་	PART
ཀུན་གཞི་	ཀུན་གཞི་	NOUN
འི་	གི་	PART
ངང་	ངང་	NOUN
ལུགས་	ལུགས་	NOUN
དགེ་བ་	དགེ་བ་	VERB
ནི་	ནི་	NO_POS
།		PUNCT
ཞེ་	ཅེས་	PART
སོགས་	སོགས་	DET
གསལ་བ་	གསལ་བ་	VERB
ར་	ལ་	PART
ལམ་	གམ་	PART
མང་	མང་	VERB
དུ་	ལ་	PART
གསུངས་པ་	གསུངས་པ་	VERB
ལྟ་	ལྟ་	OTHER
འདུས་བྱས་	འདུས་བྱས་	NOUN
དགེ་སྡིག་	དགེ་སྡིག་	NOUN
གི་	གི་	PART
ཟླ་	ཟླ་	NOUN
ས་	གིས་	PART
ཕྱེ་བ་	ཕྱེ་བ་	VERB
འི་	གི་	PART
དགེ་བ་	དགེ་བ་	VERB
མིན་	མིན་	AUX
ཀྱང་	ཀྱང་	PART
རྣམ་བྱང་	རྣམ་བྱང་	ADJ
དགེ་བ་	དགེ་བ་	VERB
འི་	གི་	PART
ཆོ་	ཆོ་	NOUN
མཐའ་དག་	མཐའ་དག་	DET
གི་	གི་	PART
གོ་འབྱེད་པ་	གོ་འབྱེད་པ་	NO_POS
འི་	གི་	PART
ནུས་པ་	ནུས་པ་	VERB
ཡོད་པ་	ཡོད་པ་	VERB
འི་	གི་	PART
ཆ་	ཆ་	NOUN
ན་	ནས་	PART
དགེ་བ་	དགེ་བ་	VERB
ར་	ལ་	PART
འཇོག་པ་	འཇོག་པ་	VERB
ཡིན་	ཡིན་	NO_POS
ནོ་	གོ་	PART
། །		PUNCT
སྨོན་ལམ་	སྨོན་ལམ་	NOUN
རྣམ་དག་	རྣམ་དག་	ADJ
ཅེས་པ་	ཅེས་པ་	PART
ས་	གིས་	PART
འདི་	འདི་	DET
ར་	ལ་	PART
བསྟན་	བསྟན་	VERB
གྱི་	གི་	PART
སྨོན་ལམ་	སྨོན་ལམ་	NOUN
ཉིད་	ཉིད་	DET
གཙོ་	གཙོ་	NOUN
ར་	ལ་	PART
བྱ་	བྱ་	VERB
ན་	ནས་	PART
།		PUNCT
མཐའ་ཡས་པ་	མཐའ་ཡས་པ་	ADJ
འི་	གི་	PART
སྐྱེ་	སྐྱེ་	NOUN
འཕགས་	འཕགས་	VERB
ཀྱི་	གི་	PART
སྨོན་ལམ་	སྨོན་ལམ་	NOUN
རྣམ་པ་	རྣམ་པ་	NOUN
ར་	ལ་	PART
དག་པ་	དག་པ་	VERB
ཇི་སྙེད་པ་	ཇི་སྙེད་པ་	OTHER
བསྡུས་པ་	བསྡུས་པ་	VERB
ཡིན་	ཡིན་	NO_POS
ནོ་	གོ་	PART
། །		PUNCT
ཕྱག་རྒྱ་	ཕྱག་རྒྱ་	NOUN
ཆེན་པོ་	ཆེན་པོ་	ADJ
སྨོན་ལམ་	སྨོན་ལམ་	NOUN
གྱི་	གི་	PART
རྣམ་	རྣམ་	NOUN
གྲངས་	གྲངས་	NOUN
དང་	དང་	NO_POS
བརྒྱུད་པ་	བརྒྱུད་པ་	VERB
འི་	གི་	PART
རིམ་པ་	རིམ་པ་	NOUN
རྣམས་	རྣམས་	DET
ཤེས་པ་	ཤེས་པ་	VERB
ར་	ལ་	PART
འདོད་	འདོད་	VERB
ན་	ལ་	PART
།		PUNCT
སི་ཏུ་	སི་ཏུ་	PROPN
ཀུན་མཁྱེན་	ཀུན་མཁྱེན་	OTHER
བསྟན་པ་	བསྟན་པ་	VERB
འི་	གི་	PART
ཉིན་བྱེད་	ཉིན་བྱེད་	NOUN
ཀྱི་	གི་	PART
ཞལ་	ཞལ་	NOUN
ན་	ནས་	PART
མཛད་པ་	མཛད་པ་	VERB
འི་	གི་	PART
འགྲེལ་ཆེན་	འགྲེལ་ཆེན་	NOUN
གྲུབ་པ་	གྲུབ་པ་	VERB
མཆོག་	མཆོག་	ADJ
གི་	གི་	PART
ཞལ་ལུང་	ཞལ་ལུང་	OTHER
ལ་	ལ་	ADP
ས་	གིས་	PART
ཤེས་པ་	ཤེས་པ་	VERB
ར་	ལ་	PART
བྱ་	བྱ་	VERB
འོ་	གོ་	PART
། །		PUNCT
སྨྲས་པ་	སྨྲས་པ་	VERB
།		PUNCT
ཀུན་མཁྱེན་	ཀུན་མཁྱེན་	OTHER
ཞལ་ལུང་	ཞལ་ལུང་	OTHER
ཟབ་པ་	ཟབ་པ་	VERB
འི་	གི་	PART
མ་མ་	མ་མ་	NOUN
ལ་	ལ་	ADP
ས་	གིས་	PART
། །		PUNCT
རང་	རང་	PRON
བློ་	བློ་	NOUN
ས་	གིས་	PART
བསྡུས་པ་	བསྡུས་པ་	VERB
འི་	གི་	PART
བུམ་	བུམ་	NOUN
བཟང་ཆུ་	བཟང་ཆུ་	NO_POS
རྒྱུན་	རྒྱུན་	NOUN
གྱི་	གི་	PART
། །		PUNCT
བློ་ལྡན་	བློ་ལྡན་	NOUN
ཐོས་བསམ་	ཐོས་བསམ་	NOUN
སྒོམ་པ་	སྒོམ་པ་	VERB
ར་	ལ་	PART
འཇུག་	འཇུག་	VERB
འདོད་	འདོད་	VERB
རྣམས་	རྣམས་	DET
། །		PUNCT
བྱིན་རླབས་	བྱིན་རླབས་	NOUN
བདུད་རྩི་	བདུད་རྩི་	NOUN
འི་	གི་	PART
རྒྱུན་	རྒྱུན་	NOUN
གྱི་	གི་	PART
སྨིན་གྲོལ་	སྨིན་གྲོལ་	NOUN
ཤོག་	ཤོག་	VERB
།		PUNCT
ཅེས་	ཅེས་	PART
ངེས་དོན་	ངེས་དོན་	NOUN
ཕྱག་རྒྱ་	ཕྱག་རྒྱ་	NOUN
ཆེན་པོ་	ཆེན་པོ་	ADJ
འི་	གི་	PART
སྨོན་ལམ་	སྨོན་ལམ་	NOUN
ལ་	ལ་	PART
འགྲེལ་བ་	འགྲེལ་བ་	NOUN
ཁ་གསལ་	ཁ་གསལ་	OTHER
གོ་	གོ་	PART
བདེ་	བདེ་	VERB
ཞིག་	ཅིག་	PART
འབྲི་	འབྲི་	VERB
དགོས་	དགོས་	VERB
ཞེ་	ཅེས་	PART
ཀུན་མཁྱེན་བོ་	ཀུན་མཁྱེན་བོ་	OTHER
དོང་པ་	དོང་པ་	NO_POS
འི་	གི་	PART
རིང་ལུགས་	རིང་ལུགས་	OTHER
འཛིན་པ་	འཛིན་པ་	VERB
འི་	གི་	PART
བླ་སྤྲུལ་	བླ་སྤྲུལ་	NO_POS
རྟོགས་ལྡན་	རྟོགས་ལྡན་	OTHER
རྣམས་	རྣམས་	DET
ཀྱིས་	གིས་	PART
རིང་མོ་	རིང་མོ་	ADJ
ན་	ནས་	PART
བསྐུལ་བ་	བསྐུལ་བ་	VERB
དང་	དང་	NO_POS
།		PUNCT
ཉེ་ཆར་	ཉེ་ཆར་	NO_POS
ཟུར་	ཟུར་	NOUN
མང་	མང་	VERB
ལྷ་ལུང་	ལྷ་ལུང་	PROPN
བདེ་	བདེ་	VERB
གསལ་མཆོག་	གསལ་མཆོག་	NO_POS
སྤྲུལ་	སྤྲུལ་	VERB
ཀྱིས་	གིས་	PART
བཀའ་	བཀའ་	NOUN
ནན་	ནན་	NOUN
སྤྱི་བོ་	སྤྱི་བོ་	NOUN
ར་	ལ་	PART
ཕེབས་པ་	ཕེབས་པ་	VERB
འི་	གི་	PART
ཞལ་ངོ་	ཞལ་ངོ་	NOUN
ལྡོག་	ལྡོག་	VERB
མ་	མ་	PART
ཕོད་པ་	ཕོད་པ་	VERB
ར་	ལ་	PART
མཁན་	མཁན་	PROPN
མིང་	མིང་	NOUN
ཀརྨ་	ཀརྨ་	NO_POS
རཏྣས་		NON_WORD
སི་ཏུ་	སི་ཏུ་	PROPN
འི་	གི་	PART
འགྲེལ་ཆེན་	འགྲེལ་ཆེན་	NOUN
ལ་	ལ་	ADP
ས་	གིས་	PART
བསྡུ་	བསྡུ་	VERB
ཏེ་	སྟེ་	PART
བཀོད་པ་	བཀོད་པ་	VERB
འི་	གི་	PART
ཡི་གེ་པ་	ཡི་གེ་པ་	NOUN
ནི་	ནི་	NO_POS
རང་	རང་	PRON
སློབ་	སློབ་	VERB
བྷིཀྴུ་		NON_WORD
ཀརྨ་	ཀརྨ་	NO_POS
ཤེས་རབ་	ཤེས་རབ་	NOUN
རང་གྲོལ་	རང་གྲོལ་	NOUN
གྱིས་	གིས་	PART
བགྱིས་པ་	བགྱིས་པ་	VERB
ལུང་རྟོགས་	ལུང་རྟོགས་	PROPN
རྒྱལ་བ་	རྒྱལ་བ་	NOUN
འི་	གི་	PART
བསྟན་པ་	བསྟན་པ་	VERB
རིན་པོ་ཆེ་	རིན་པོ་ཆེ་	ADJ
ད་	ད་	NOUN
ཞིང་	ཅིང་	PART
རྒྱལ་	རྒྱལ་	VERB
ལ་	ལ་	PART
ཡུན་རིང་	ཡུན་རིང་	NOUN
དུ་	ལ་	PART
གནས་པ་	གནས་པ་	VERB
འི་	གི་	PART
རྒྱུ་	རྒྱུ་	NOUN
ར་	ལ་	PART
གྱུར་ཅིག་	གྱུར་ཅིག་	NO_POS
། །།		PUNCT
སརྦ་	སརྦ་	NO_POS
མངྒ་		NON_WORD
ལམ་	གམ་	PART
བི་	བི་	NO_POS
ཛ་	ཛ་	OTHER
ཡནྟུ་		NON_WORD
། །		PUNCT
